2023-03-28T14:26:09.841506+00:00,30.0,26.0,2.0,240.0
2023-03-28T14:27:09.841506+00:00,67.0,38.0,61.0,62.0
2023-03-28T14:28:09.841506+00:00,29.0,34.0,39.0,31.0
2023-03-28T14:29:09.841506+00:00,43.0,5.0,4.0,87.0
2023-03-28T14:30:09.841506+00:00,12.0,42.0,13.0,103.0
2023-03-28T14:31:09.841506+00:00,92.0,9.0,34.0,279.0
2023-03-28T14:32:09.841506+00:00,53.0,4.0,88.0,143.0
2023-03-28T14:33:09.841506+00:00,93.0,36.0,30.0,96.0
2023-03-28T14:34:09.841506+00:00,5.0,42.0,44.0,217.0
2023-03-28T14:35:09.841506+00:00,28.0,34.0,62.0,250.0
2023-03-28T14:36:09.841506+00:00,47.0,30.0,15.0,114.0
2023-03-28T14:37:09.841506+00:00,1.0,10.0,76.0,292.0
2023-03-28T14:38:09.841506+00:00,10.0,38.0,9.0,166.0
2023-03-28T14:39:09.841506+00:00,54.0,26.0,75.0,223.0
2023-03-28T14:40:09.841506+00:00,95.0,47.0,86.0,76.0
2023-03-28T14:41:09.841506+00:00,50.0,29.0,72.0,90.0
2023-03-28T14:42:09.841506+00:00,72.0,26.0,20.0,246.0
2023-03-28T14:43:09.841506+00:00,9.0,11.0,49.0,150.0
2023-03-28T14:44:09.841506+00:00,14.0,37.0,78.0,197.0
2023-03-28T14:45:09.841506+00:00,26.0,33.0,4.0,15.0
2023-03-28T14:46:09.841506+00:00,80.0,49.0,56.0,173.0
2023-03-28T14:47:09.841506+00:00,51.0,30.0,65.0,211.0
2023-03-28T14:48:09.841506+00:00,39.0,50.0,23.0,159.0
2023-03-28T14:49:09.841506+00:00,36.0,0.0,8.0,175.0
2023-03-28T14:50:09.841506+00:00,24.0,19.0,23.0,2.0
2023-03-28T14:51:09.841506+00:00,51.0,46.0,67.0,28.0
2023-03-28T14:52:09.841506+00:00,6.0,40.0,61.0,239.0
2023-03-28T14:53:09.841506+00:00,58.0,30.0,23.0,78.0
2023-03-28T14:54:09.841506+00:00,90.0,43.0,38.0,188.0
2023-03-28T14:55:09.841506+00:00,36.0,44.0,75.0,149.0
2023-03-28T14:56:09.841506+00:00,1.0,3.0,47.0,39.0
2023-03-28T14:57:09.841506+00:00,78.0,43.0,1.0,98.0
2023-03-28T14:58:09.841506+00:00,27.0,30.0,42.0,140.0
2023-03-28T14:59:09.841506+00:00,23.0,45.0,43.0,104.0
2023-03-28T15:00:09.841506+00:00,76.0,44.0,61.0,234.0
2023-03-28T15:01:09.841506+00:00,61.0,22.0,95.0,150.0
2023-03-28T15:02:09.841506+00:00,11.0,31.0,78.0,272.0
2023-03-28T15:03:09.841506+00:00,19.0,47.0,66.0,226.0
2023-03-28T15:04:09.841506+00:00,58.0,30.0,10.0,148.0
2023-03-28T15:05:09.841506+00:00,79.0,21.0,14.0,67.0
2023-03-28T15:06:09.841506+00:00,37.0,14.0,45.0,177.0
2023-03-28T15:07:09.841506+00:00,99.0,50.0,72.0,254.0
2023-03-28T15:08:09.841506+00:00,8.0,32.0,68.0,100.0
2023-03-28T15:09:09.841506+00:00,55.0,47.0,51.0,166.0
2023-03-28T15:10:09.841506+00:00,8.0,46.0,89.0,82.0
2023-03-28T15:11:09.841506+00:00,55.0,24.0,82.0,196.0
2023-03-28T15:12:09.841506+00:00,64.0,6.0,67.0,67.0
2023-03-28T15:13:09.841506+00:00,77.0,5.0,83.0,245.0
2023-03-28T15:14:09.841506+00:00,42.0,8.0,93.0,213.0
2023-03-28T15:15:09.841506+00:00,40.0,5.0,17.0,75.0
2023-03-28T15:16:09.841506+00:00,67.0,24.0,69.0,240.0
2023-03-28T15:17:09.841506+00:00,99.0,2.0,22.0,156.0
2023-03-28T15:18:09.841506+00:00,7.0,24.0,5.0,261.0
2023-03-28T15:19:09.841506+00:00,28.0,49.0,21.0,146.0
2023-03-28T15:20:09.841506+00:00,21.0,47.0,59.0,18.0
2023-03-28T15:21:09.841506+00:00,5.0,50.0,7.0,218.0
2023-03-28T15:22:09.841506+00:00,77.0,24.0,83.0,294.0
2023-03-28T15:23:09.841506+00:00,67.0,31.0,69.0,268.0
2023-03-28T15:24:09.841506+00:00,99.0,23.0,81.0,50.0
2023-03-28T15:25:09.841506+00:00,91.0,19.0,92.0,214.0
2023-03-28T15:26:09.841506+00:00,71.0,40.0,17.0,208.0
2023-03-28T15:27:09.841506+00:00,41.0,40.0,15.0,126.0
2023-03-28T15:28:09.841506+00:00,87.0,10.0,75.0,165.0
2023-03-28T15:29:09.841506+00:00,74.0,31.0,96.0,145.0
2023-03-28T15:30:09.841506+00:00,14.0,11.0,77.0,164.0
2023-03-28T15:31:09.841506+00:00,51.0,35.0,13.0,121.0
2023-03-28T15:32:09.841506+00:00,49.0,7.0,23.0,222.0
2023-03-28T15:33:09.841506+00:00,25.0,7.0,62.0,22.0
2023-03-28T15:34:09.841506+00:00,32.0,12.0,36.0,20.0
2023-03-28T15:35:09.841506+00:00,63.0,40.0,87.0,74.0
2023-03-28T15:36:09.841506+00:00,89.0,43.0,36.0,133.0
2023-03-28T15:37:09.841506+00:00,56.0,40.0,31.0,88.0
2023-03-28T15:38:09.841506+00:00,4.0,13.0,22.0,169.0
2023-03-28T15:39:09.841506+00:00,5.0,41.0,81.0,251.0
2023-03-28T15:40:09.841506+00:00,53.0,12.0,79.0,31.0
2023-03-28T15:41:09.841506+00:00,97.0,17.0,32.0,7.0
2023-03-28T15:42:09.841506+00:00,3.0,35.0,7.0,100.0
2023-03-28T15:43:09.841506+00:00,74.0,28.0,2.0,41.0
2023-03-28T15:44:09.841506+00:00,32.0,23.0,58.0,99.0
2023-03-28T15:45:09.841506+00:00,50.0,18.0,17.0,204.0
2023-03-28T15:46:09.841506+00:00,40.0,19.0,36.0,7.0
2023-03-28T15:47:09.841506+00:00,70.0,49.0,94.0,220.0
2023-03-28T15:48:09.841506+00:00,87.0,21.0,6.0,292.0
2023-03-28T15:49:09.841506+00:00,57.0,25.0,89.0,155.0
2023-03-28T15:50:09.841506+00:00,17.0,47.0,4.0,15.0
2023-03-28T15:51:09.841506+00:00,52.0,2.0,98.0,60.0
2023-03-28T15:52:09.841506+00:00,2.0,50.0,37.0,264.0
2023-03-28T15:53:09.841506+00:00,95.0,49.0,77.0,269.0
2023-03-28T15:54:09.841506+00:00,14.0,33.0,15.0,30.0
2023-03-28T15:55:09.841506+00:00,58.0,42.0,14.0,15.0
2023-03-28T15:56:09.841506+00:00,60.0,39.0,62.0,193.0
2023-03-28T15:57:09.841506+00:00,25.0,10.0,26.0,288.0
2023-03-28T15:58:09.841506+00:00,60.0,5.0,97.0,3.0
2023-03-28T15:59:09.841506+00:00,52.0,41.0,17.0,86.0
2023-03-28T16:00:09.841506+00:00,15.0,0.0,48.0,276.0
2023-03-28T16:01:09.841506+00:00,22.0,0.0,15.0,70.0
2023-03-28T16:02:09.841506+00:00,54.0,8.0,77.0,115.0
2023-03-28T16:03:09.841506+00:00,83.0,28.0,92.0,44.0
2023-03-28T16:04:09.841506+00:00,42.0,28.0,99.0,125.0
2023-03-28T16:05:09.841506+00:00,82.0,10.0,26.0,41.0
2023-03-28T16:06:09.841506+00:00,91.0,34.0,12.0,256.0
2023-03-28T16:07:09.841506+00:00,87.0,10.0,83.0,92.0
2023-03-28T16:08:09.841506+00:00,47.0,45.0,35.0,103.0
2023-03-28T16:09:09.841506+00:00,3.0,8.0,14.0,250.0
2023-03-28T16:10:09.841506+00:00,70.0,43.0,93.0,23.0
2023-03-28T16:11:09.841506+00:00,17.0,38.0,61.0,192.0
2023-03-28T16:12:09.841506+00:00,13.0,3.0,51.0,258.0
2023-03-28T16:13:09.841506+00:00,29.0,15.0,31.0,206.0
2023-03-28T16:14:09.841506+00:00,52.0,8.0,81.0,114.0
2023-03-28T16:15:09.841506+00:00,98.0,38.0,43.0,199.0
2023-03-28T16:16:09.841506+00:00,75.0,34.0,51.0,134.0
2023-03-28T16:17:09.841506+00:00,93.0,9.0,94.0,273.0
2023-03-28T16:18:09.841506+00:00,100.0,46.0,27.0,83.0
2023-03-28T16:19:09.841506+00:00,52.0,34.0,47.0,283.0
2023-03-28T16:20:09.841506+00:00,73.0,28.0,46.0,28.0
2023-03-28T16:21:09.841506+00:00,79.0,1.0,17.0,175.0
2023-03-28T16:22:09.841506+00:00,39.0,41.0,40.0,211.0
2023-03-28T16:23:09.841506+00:00,42.0,45.0,87.0,72.0
2023-03-28T16:24:09.841506+00:00,63.0,45.0,56.0,254.0
2023-03-28T16:25:09.841506+00:00,68.0,46.0,31.0,144.0
2023-03-28T16:26:09.841506+00:00,43.0,38.0,53.0,95.0
2023-03-28T16:27:09.841506+00:00,53.0,10.0,6.0,166.0
2023-03-28T16:28:09.841506+00:00,58.0,41.0,21.0,223.0
2023-03-28T16:29:09.841506+00:00,40.0,19.0,32.0,141.0
2023-03-28T16:30:09.841506+00:00,83.0,44.0,98.0,246.0
2023-03-28T16:31:09.841506+00:00,93.0,31.0,5.0,90.0
2023-03-28T16:32:09.841506+00:00,30.0,22.0,50.0,264.0
2023-03-28T16:33:09.841506+00:00,79.0,15.0,6.0,61.0
2023-03-28T16:34:09.841506+00:00,41.0,17.0,48.0,101.0
2023-03-28T16:35:09.841506+00:00,81.0,12.0,64.0,130.0
2023-03-28T16:36:09.841506+00:00,55.0,4.0,41.0,212.0
2023-03-28T16:37:09.841506+00:00,96.0,35.0,84.0,149.0
2023-03-28T16:38:09.841506+00:00,24.0,10.0,7.0,181.0
2023-03-28T16:39:09.841506+00:00,61.0,47.0,37.0,48.0
2023-03-28T16:40:09.841506+00:00,41.0,29.0,12.0,165.0
2023-03-28T16:41:09.841506+00:00,2.0,17.0,49.0,30.0
2023-03-28T16:42:09.841506+00:00,89.0,13.0,40.0,102.0
2023-03-28T16:43:09.841506+00:00,25.0,46.0,69.0,32.0
2023-03-28T16:44:09.841506+00:00,96.0,31.0,23.0,24.0
2023-03-28T16:45:09.841506+00:00,49.0,44.0,26.0,129.0
2023-03-28T16:46:09.841506+00:00,93.0,25.0,34.0,185.0
2023-03-28T16:47:09.841506+00:00,23.0,39.0,23.0,268.0
2023-03-28T16:48:09.841506+00:00,36.0,0.0,44.0,179.0
2023-03-28T16:49:09.841506+00:00,22.0,23.0,87.0,256.0
2023-03-28T16:50:09.841506+00:00,21.0,46.0,90.0,65.0
2023-03-28T16:51:09.841506+00:00,67.0,6.0,92.0,15.0
2023-03-28T16:52:09.841506+00:00,24.0,27.0,94.0,45.0
2023-03-28T16:53:09.841506+00:00,80.0,30.0,15.0,216.0
2023-03-28T16:54:09.841506+00:00,100.0,4.0,52.0,108.0
2023-03-28T16:55:09.841506+00:00,43.0,43.0,86.0,147.0
2023-03-28T16:56:09.841506+00:00,87.0,1.0,13.0,245.0
2023-03-28T16:57:09.841506+00:00,75.0,5.0,31.0,248.0
2023-03-28T16:58:09.841506+00:00,34.0,45.0,28.0,273.0
2023-03-28T16:59:09.841506+00:00,61.0,6.0,91.0,248.0
2023-03-28T17:00:09.841506+00:00,8.0,34.0,100.0,57.0
2023-03-28T17:01:09.841506+00:00,49.0,22.0,45.0,259.0
2023-03-28T17:02:09.841506+00:00,22.0,20.0,59.0,2.0
2023-03-28T17:03:09.841506+00:00,68.0,33.0,74.0,166.0
2023-03-28T17:04:09.841506+00:00,44.0,20.0,57.0,296.0
2023-03-28T17:05:09.841506+00:00,20.0,47.0,60.0,211.0
2023-03-28T17:06:09.841506+00:00,76.0,11.0,8.0,110.0
2023-03-28T17:07:09.841506+00:00,52.0,31.0,98.0,223.0
2023-03-28T17:08:09.841506+00:00,93.0,10.0,6.0,230.0
2023-03-28T17:09:09.841506+00:00,21.0,38.0,62.0,79.0
2023-03-28T17:10:09.841506+00:00,50.0,48.0,6.0,120.0
2023-03-28T17:11:09.841506+00:00,78.0,9.0,10.0,33.0
2023-03-28T17:12:09.841506+00:00,17.0,42.0,5.0,7.0
2023-03-28T17:13:09.841506+00:00,22.0,49.0,3.0,176.0
2023-03-28T17:14:09.841506+00:00,48.0,2.0,61.0,95.0
2023-03-28T17:15:09.841506+00:00,71.0,15.0,54.0,245.0
2023-03-28T17:16:09.841506+00:00,63.0,1.0,77.0,267.0
2023-03-28T17:17:09.841506+00:00,26.0,10.0,77.0,204.0
2023-03-28T17:18:09.841506+00:00,30.0,50.0,35.0,11.0
2023-03-28T17:19:09.841506+00:00,5.0,4.0,43.0,111.0
2023-03-28T17:20:09.841506+00:00,50.0,36.0,79.0,285.0
2023-03-28T17:21:09.841506+00:00,0.0,35.0,14.0,168.0
2023-03-28T17:22:09.841506+00:00,67.0,36.0,14.0,201.0
2023-03-28T17:23:09.841506+00:00,28.0,6.0,99.0,118.0
2023-03-28T17:24:09.841506+00:00,7.0,46.0,54.0,198.0
2023-03-28T17:25:09.841506+00:00,95.0,29.0,21.0,122.0
2023-03-28T17:26:09.841506+00:00,96.0,41.0,41.0,167.0
2023-03-28T17:27:09.841506+00:00,5.0,27.0,69.0,219.0
2023-03-28T17:28:09.841506+00:00,92.0,48.0,34.0,276.0
2023-03-28T17:29:09.841506+00:00,32.0,41.0,97.0,87.0
2023-03-28T17:30:09.841506+00:00,50.0,47.0,78.0,151.0
2023-03-28T17:31:09.841506+00:00,35.0,30.0,79.0,245.0
2023-03-28T17:32:09.841506+00:00,28.0,27.0,54.0,144.0
2023-03-28T17:33:09.841506+00:00,39.0,49.0,62.0,205.0
2023-03-28T17:34:09.841506+00:00,48.0,20.0,66.0,96.0
2023-03-28T17:35:09.841506+00:00,24.0,23.0,76.0,50.0
2023-03-28T17:36:09.841506+00:00,17.0,37.0,26.0,38.0
2023-03-28T17:37:09.841506+00:00,47.0,7.0,65.0,238.0
2023-03-28T17:38:09.841506+00:00,76.0,29.0,46.0,15.0
2023-03-28T17:39:09.841506+00:00,39.0,29.0,16.0,278.0
2023-03-28T17:40:09.841506+00:00,7.0,39.0,22.0,266.0
2023-03-28T17:41:09.841506+00:00,51.0,25.0,66.0,210.0
2023-03-28T17:42:09.841506+00:00,56.0,8.0,74.0,7.0
2023-03-28T17:43:09.841506+00:00,75.0,37.0,13.0,217.0
2023-03-28T17:44:09.841506+00:00,31.0,25.0,82.0,92.0
2023-03-28T17:45:09.841506+00:00,30.0,44.0,15.0,0.0
2023-03-28T17:46:09.841506+00:00,34.0,26.0,69.0,70.0
2023-03-28T17:47:09.841506+00:00,95.0,9.0,28.0,169.0
2023-03-28T17:48:09.841506+00:00,33.0,9.0,45.0,150.0
2023-03-28T17:49:09.841506+00:00,97.0,32.0,6.0,279.0
2023-03-28T17:50:09.841506+00:00,28.0,48.0,10.0,2.0
2023-03-28T17:51:09.841506+00:00,11.0,39.0,39.0,299.0
2023-03-28T17:52:09.841506+00:00,25.0,32.0,45.0,268.0
2023-03-28T17:53:09.841506+00:00,82.0,48.0,93.0,52.0
2023-03-28T17:54:09.841506+00:00,63.0,13.0,68.0,208.0
2023-03-28T17:55:09.841506+00:00,26.0,5.0,8.0,188.0
2023-03-28T17:56:09.841506+00:00,93.0,8.0,46.0,57.0
2023-03-28T17:57:09.841506+00:00,19.0,17.0,57.0,227.0
2023-03-28T17:58:09.841506+00:00,54.0,16.0,83.0,53.0
2023-03-28T17:59:09.841506+00:00,57.0,40.0,7.0,195.0
2023-03-28T18:00:09.841506+00:00,18.0,4.0,4.0,249.0
2023-03-28T18:01:09.841506+00:00,51.0,3.0,89.0,22.0
2023-03-28T18:02:09.841506+00:00,3.0,39.0,63.0,245.0
2023-03-28T18:03:09.841506+00:00,19.0,44.0,38.0,268.0
2023-03-28T18:04:09.841506+00:00,11.0,49.0,69.0,178.0
2023-03-28T18:05:09.841506+00:00,28.0,7.0,78.0,105.0
2023-03-28T18:06:09.841506+00:00,29.0,20.0,71.0,56.0
2023-03-28T18:07:09.841506+00:00,63.0,40.0,34.0,169.0
2023-03-28T18:08:09.841506+00:00,65.0,24.0,17.0,158.0
2023-03-28T18:09:09.841506+00:00,36.0,1.0,94.0,161.0
2023-03-28T18:10:09.841506+00:00,12.0,36.0,40.0,121.0
2023-03-28T18:11:09.841506+00:00,32.0,19.0,75.0,44.0
2023-03-28T18:12:09.841506+00:00,59.0,38.0,71.0,40.0
2023-03-28T18:13:09.841506+00:00,75.0,3.0,73.0,202.0
2023-03-28T18:14:09.841506+00:00,57.0,49.0,5.0,60.0
2023-03-28T18:15:09.841506+00:00,75.0,21.0,56.0,159.0
2023-03-28T18:16:09.841506+00:00,81.0,30.0,80.0,31.0
2023-03-28T18:17:09.841506+00:00,63.0,45.0,90.0,152.0
2023-03-28T18:18:09.841506+00:00,4.0,7.0,75.0,88.0
2023-03-28T18:19:09.841506+00:00,7.0,3.0,29.0,213.0
2023-03-28T18:20:09.841506+00:00,65.0,3.0,83.0,209.0
2023-03-28T18:21:09.841506+00:00,23.0,38.0,14.0,113.0
2023-03-28T18:22:09.841506+00:00,7.0,36.0,68.0,108.0
2023-03-28T18:23:09.841506+00:00,37.0,6.0,38.0,17.0
2023-03-28T18:24:09.841506+00:00,69.0,0.0,55.0,217.0
2023-03-28T18:25:09.841506+00:00,20.0,12.0,77.0,188.0
2023-03-28T18:26:09.841506+00:00,13.0,26.0,35.0,77.0
2023-03-28T18:27:09.841506+00:00,20.0,49.0,52.0,194.0
2023-03-28T18:28:09.841506+00:00,58.0,10.0,0.0,166.0
2023-03-28T18:29:09.841506+00:00,86.0,29.0,0.0,65.0
2023-03-28T18:30:09.841506+00:00,53.0,21.0,51.0,214.0
2023-03-28T18:31:09.841506+00:00,70.0,3.0,36.0,211.0
2023-03-28T18:32:09.841506+00:00,99.0,36.0,71.0,252.0
2023-03-28T18:33:09.841506+00:00,25.0,2.0,36.0,219.0
2023-03-28T18:34:09.841506+00:00,99.0,4.0,64.0,297.0
2023-03-28T18:35:09.841506+00:00,92.0,45.0,40.0,242.0
2023-03-28T18:36:09.841506+00:00,35.0,28.0,44.0,155.0
2023-03-28T18:37:09.841506+00:00,20.0,17.0,77.0,21.0
2023-03-28T18:38:09.841506+00:00,76.0,14.0,77.0,246.0
2023-03-28T18:39:09.841506+00:00,5.0,37.0,47.0,180.0
2023-03-28T18:40:09.841506+00:00,79.0,9.0,72.0,234.0
2023-03-28T18:41:09.841506+00:00,83.0,47.0,96.0,136.0
2023-03-28T18:42:09.841506+00:00,34.0,26.0,35.0,80.0
2023-03-28T18:43:09.841506+00:00,67.0,9.0,2.0,263.0
2023-03-28T18:44:09.841506+00:00,62.0,20.0,19.0,57.0
2023-03-28T18:45:09.841506+00:00,22.0,28.0,50.0,173.0
2023-03-28T18:46:09.841506+00:00,16.0,1.0,97.0,215.0
2023-03-28T18:47:09.841506+00:00,70.0,18.0,50.0,195.0
2023-03-28T18:48:09.841506+00:00,75.0,16.0,22.0,275.0
2023-03-28T18:49:09.841506+00:00,36.0,47.0,12.0,218.0
2023-03-28T18:50:09.841506+00:00,99.0,30.0,72.0,70.0
2023-03-28T18:51:09.841506+00:00,5.0,44.0,99.0,24.0
2023-03-28T18:52:09.841506+00:00,84.0,46.0,43.0,228.0
2023-03-28T18:53:09.841506+00:00,40.0,8.0,30.0,88.0
2023-03-28T18:54:09.841506+00:00,2.0,3.0,67.0,34.0
2023-03-28T18:55:09.841506+00:00,43.0,2.0,85.0,112.0
2023-03-28T18:56:09.841506+00:00,94.0,11.0,49.0,242.0
2023-03-28T18:57:09.841506+00:00,71.0,15.0,13.0,4.0
2023-03-28T18:58:09.841506+00:00,58.0,46.0,12.0,206.0
2023-03-28T18:59:09.841506+00:00,64.0,8.0,55.0,84.0
2023-03-28T19:00:09.841506+00:00,9.0,25.0,97.0,282.0
2023-03-28T19:01:09.841506+00:00,5.0,11.0,34.0,128.0
2023-03-28T19:02:09.841506+00:00,80.0,42.0,23.0,254.0
2023-03-28T19:03:09.841506+00:00,17.0,42.0,50.0,195.0
2023-03-28T19:04:09.841506+00:00,1.0,17.0,42.0,96.0
2023-03-28T19:05:09.841506+00:00,93.0,32.0,91.0,250.0
2023-03-28T19:06:09.841506+00:00,45.0,13.0,97.0,226.0
2023-03-28T19:07:09.841506+00:00,80.0,7.0,57.0,292.0
2023-03-28T19:08:09.841506+00:00,61.0,46.0,19.0,283.0
2023-03-28T19:09:09.841506+00:00,92.0,39.0,70.0,8.0
2023-03-28T19:10:09.841506+00:00,100.0,48.0,74.0,294.0
2023-03-28T19:11:09.841506+00:00,6.0,15.0,41.0,1.0
2023-03-28T19:12:09.841506+00:00,83.0,17.0,21.0,110.0
2023-03-28T19:13:09.841506+00:00,16.0,7.0,94.0,111.0
2023-03-28T19:14:09.841506+00:00,64.0,12.0,12.0,115.0
2023-03-28T19:15:09.841506+00:00,61.0,10.0,84.0,16.0
2023-03-28T19:16:09.841506+00:00,4.0,11.0,37.0,191.0
2023-03-28T19:17:09.841506+00:00,15.0,21.0,83.0,166.0
2023-03-28T19:18:09.841506+00:00,4.0,21.0,12.0,235.0
2023-03-28T19:19:09.841506+00:00,59.0,22.0,85.0,97.0
2023-03-28T19:20:09.841506+00:00,27.0,16.0,70.0,78.0
2023-03-28T19:21:09.841506+00:00,60.0,5.0,61.0,178.0
2023-03-28T19:22:09.841506+00:00,63.0,10.0,48.0,293.0
2023-03-28T19:23:09.841506+00:00,77.0,46.0,73.0,280.0
2023-03-28T19:24:09.841506+00:00,41.0,43.0,29.0,12.0
2023-03-28T19:25:09.841506+00:00,74.0,23.0,45.0,140.0
2023-03-28T19:26:09.841506+00:00,23.0,25.0,15.0,24.0
2023-03-28T19:27:09.841506+00:00,77.0,28.0,87.0,154.0
2023-03-28T19:28:09.841506+00:00,100.0,18.0,100.0,10.0
2023-03-28T19:29:09.841506+00:00,86.0,27.0,73.0,175.0
2023-03-28T19:30:09.841506+00:00,31.0,27.0,33.0,168.0
2023-03-28T19:31:09.841506+00:00,8.0,18.0,85.0,111.0
2023-03-28T19:32:09.841506+00:00,68.0,48.0,95.0,214.0
2023-03-28T19:33:09.841506+00:00,84.0,34.0,34.0,189.0
2023-03-28T19:34:09.841506+00:00,11.0,14.0,40.0,194.0
2023-03-28T19:35:09.841506+00:00,73.0,29.0,85.0,190.0
2023-03-28T19:36:09.841506+00:00,77.0,9.0,51.0,103.0
2023-03-28T19:37:09.841506+00:00,89.0,36.0,97.0,6.0
2023-03-28T19:38:09.841506+00:00,29.0,47.0,44.0,25.0
2023-03-28T19:39:09.841506+00:00,85.0,19.0,99.0,180.0
2023-03-28T19:40:09.841506+00:00,100.0,24.0,41.0,135.0
2023-03-28T19:41:09.841506+00:00,91.0,17.0,89.0,84.0
2023-03-28T19:42:09.841506+00:00,99.0,14.0,98.0,142.0
2023-03-28T19:43:09.841506+00:00,30.0,21.0,74.0,84.0
2023-03-28T19:44:09.841506+00:00,9.0,35.0,38.0,124.0
2023-03-28T19:45:09.841506+00:00,44.0,23.0,69.0,270.0
2023-03-28T19:46:09.841506+00:00,24.0,15.0,43.0,56.0
2023-03-28T19:47:09.841506+00:00,21.0,31.0,44.0,92.0
2023-03-28T19:48:09.841506+00:00,76.0,15.0,71.0,291.0
2023-03-28T19:49:09.841506+00:00,80.0,17.0,50.0,291.0
2023-03-28T19:50:09.841506+00:00,70.0,26.0,16.0,217.0
2023-03-28T19:51:09.841506+00:00,83.0,9.0,86.0,300.0
2023-03-28T19:52:09.841506+00:00,72.0,13.0,85.0,234.0
2023-03-28T19:53:09.841506+00:00,64.0,28.0,52.0,45.0
2023-03-28T19:54:09.841506+00:00,89.0,12.0,62.0,297.0
2023-03-28T19:55:09.841506+00:00,62.0,24.0,100.0,45.0
2023-03-28T19:56:09.841506+00:00,17.0,20.0,22.0,51.0
2023-03-28T19:57:09.841506+00:00,88.0,30.0,58.0,148.0
2023-03-28T19:58:09.841506+00:00,78.0,3.0,43.0,177.0
2023-03-28T19:59:09.841506+00:00,21.0,15.0,66.0,102.0
2023-03-28T20:00:09.841506+00:00,48.0,49.0,10.0,2.0
2023-03-28T20:01:09.841506+00:00,52.0,7.0,63.0,272.0
2023-03-28T20:02:09.841506+00:00,21.0,5.0,4.0,178.0
2023-03-28T20:03:09.841506+00:00,91.0,45.0,54.0,241.0
2023-03-28T20:04:09.841506+00:00,72.0,41.0,60.0,255.0
2023-03-28T20:05:09.841506+00:00,1.0,4.0,67.0,189.0
2023-03-28T20:06:09.841506+00:00,1.0,30.0,46.0,145.0
2023-03-28T20:07:09.841506+00:00,86.0,38.0,42.0,96.0
2023-03-28T20:08:09.841506+00:00,33.0,2.0,31.0,209.0
2023-03-28T20:09:09.841506+00:00,65.0,3.0,79.0,153.0
2023-03-28T20:10:09.841506+00:00,89.0,35.0,28.0,144.0
2023-03-28T20:11:09.841506+00:00,9.0,27.0,41.0,7.0
2023-03-28T20:12:09.841506+00:00,79.0,34.0,40.0,262.0
2023-03-28T20:13:09.841506+00:00,52.0,35.0,43.0,116.0
2023-03-28T20:14:09.841506+00:00,26.0,11.0,71.0,205.0
2023-03-28T20:15:09.841506+00:00,28.0,19.0,52.0,237.0
2023-03-28T20:16:09.841506+00:00,74.0,3.0,93.0,274.0
2023-03-28T20:17:09.841506+00:00,19.0,42.0,49.0,72.0
2023-03-28T20:18:09.841506+00:00,14.0,50.0,9.0,239.0
2023-03-28T20:19:09.841506+00:00,76.0,7.0,41.0,118.0
2023-03-28T20:20:09.841506+00:00,5.0,44.0,5.0,30.0
2023-03-28T20:21:09.841506+00:00,75.0,1.0,37.0,226.0
2023-03-28T20:22:09.841506+00:00,90.0,24.0,30.0,117.0
2023-03-28T20:23:09.841506+00:00,77.0,23.0,46.0,202.0
2023-03-28T20:24:09.841506+00:00,59.0,36.0,59.0,106.0
2023-03-28T20:25:09.841506+00:00,55.0,11.0,44.0,79.0
2023-03-28T20:26:09.841506+00:00,67.0,33.0,91.0,215.0
2023-03-28T20:27:09.841506+00:00,54.0,42.0,35.0,57.0
2023-03-28T20:28:09.841506+00:00,79.0,28.0,99.0,228.0
2023-03-28T20:29:09.841506+00:00,79.0,11.0,6.0,212.0
2023-03-28T20:30:09.841506+00:00,82.0,43.0,27.0,195.0
2023-03-28T20:31:09.841506+00:00,91.0,0.0,78.0,133.0
2023-03-28T20:32:09.841506+00:00,22.0,20.0,25.0,44.0
2023-03-28T20:33:09.841506+00:00,41.0,48.0,31.0,96.0
2023-03-28T20:34:09.841506+00:00,92.0,4.0,31.0,297.0
2023-03-28T20:35:09.841506+00:00,2.0,39.0,84.0,26.0
2023-03-28T20:36:09.841506+00:00,20.0,50.0,47.0,234.0
2023-03-28T20:37:09.841506+00:00,70.0,20.0,71.0,130.0
2023-03-28T20:38:09.841506+00:00,5.0,21.0,66.0,277.0
2023-03-28T20:39:09.841506+00:00,44.0,50.0,89.0,168.0
2023-03-28T20:40:09.841506+00:00,20.0,8.0,67.0,279.0
2023-03-28T20:41:09.841506+00:00,17.0,41.0,9.0,113.0
2023-03-28T20:42:09.841506+00:00,93.0,1.0,5.0,300.0
2023-03-28T20:43:09.841506+00:00,22.0,37.0,82.0,40.0
2023-03-28T20:44:09.841506+00:00,4.0,28.0,66.0,287.0
2023-03-28T20:45:09.841506+00:00,54.0,29.0,99.0,287.0
2023-03-28T20:46:09.841506+00:00,95.0,46.0,3.0,22.0
2023-03-28T20:47:09.841506+00:00,22.0,30.0,51.0,194.0
2023-03-28T20:48:09.841506+00:00,81.0,45.0,87.0,202.0
2023-03-28T20:49:09.841506+00:00,17.0,26.0,19.0,201.0
2023-03-28T20:50:09.841506+00:00,12.0,39.0,93.0,60.0
2023-03-28T20:51:09.841506+00:00,32.0,40.0,45.0,26.0
2023-03-28T20:52:09.841506+00:00,22.0,27.0,81.0,140.0
2023-03-28T20:53:09.841506+00:00,38.0,9.0,32.0,149.0
2023-03-28T20:54:09.841506+00:00,70.0,34.0,47.0,186.0
2023-03-28T20:55:09.841506+00:00,32.0,35.0,89.0,94.0
2023-03-28T20:56:09.841506+00:00,84.0,44.0,58.0,139.0
2023-03-28T20:57:09.841506+00:00,38.0,4.0,15.0,119.0
2023-03-28T20:58:09.841506+00:00,65.0,49.0,71.0,255.0
2023-03-28T20:59:09.841506+00:00,98.0,10.0,97.0,256.0
2023-03-28T21:00:09.841506+00:00,14.0,5.0,55.0,93.0
2023-03-28T21:01:09.841506+00:00,3.0,48.0,74.0,207.0
2023-03-28T21:02:09.841506+00:00,40.0,17.0,19.0,107.0
2023-03-28T21:03:09.841506+00:00,66.0,2.0,81.0,43.0
2023-03-28T21:04:09.841506+00:00,91.0,14.0,22.0,223.0
2023-03-28T21:05:09.841506+00:00,49.0,44.0,20.0,293.0
2023-03-28T21:06:09.841506+00:00,68.0,8.0,99.0,290.0
2023-03-28T21:07:09.841506+00:00,87.0,12.0,24.0,188.0
2023-03-28T21:08:09.841506+00:00,99.0,7.0,94.0,212.0
2023-03-28T21:09:09.841506+00:00,69.0,12.0,13.0,201.0
2023-03-28T21:10:09.841506+00:00,98.0,36.0,25.0,47.0
2023-03-28T21:11:09.841506+00:00,54.0,50.0,62.0,57.0
2023-03-28T21:12:09.841506+00:00,98.0,10.0,48.0,167.0
2023-03-28T21:13:09.841506+00:00,44.0,30.0,99.0,77.0
2023-03-28T21:14:09.841506+00:00,21.0,33.0,66.0,29.0
2023-03-28T21:15:09.841506+00:00,75.0,20.0,46.0,224.0
2023-03-28T21:16:09.841506+00:00,43.0,21.0,14.0,277.0
2023-03-28T21:17:09.841506+00:00,66.0,50.0,94.0,257.0
2023-03-28T21:18:09.841506+00:00,7.0,48.0,92.0,102.0
2023-03-28T21:19:09.841506+00:00,93.0,42.0,83.0,300.0
2023-03-28T21:20:09.841506+00:00,11.0,20.0,24.0,249.0
2023-03-28T21:21:09.841506+00:00,59.0,22.0,58.0,109.0
2023-03-28T21:22:09.841506+00:00,84.0,31.0,49.0,58.0
2023-03-28T21:23:09.841506+00:00,8.0,14.0,48.0,46.0
2023-03-28T21:24:09.841506+00:00,38.0,13.0,31.0,27.0
2023-03-28T21:25:09.841506+00:00,96.0,17.0,45.0,94.0
2023-03-28T21:26:09.841506+00:00,98.0,15.0,57.0,198.0
2023-03-28T21:27:09.841506+00:00,13.0,25.0,90.0,58.0
2023-03-28T21:28:09.841506+00:00,25.0,41.0,47.0,236.0
2023-03-28T21:29:09.841506+00:00,2.0,45.0,0.0,261.0
2023-03-28T21:30:09.841506+00:00,87.0,16.0,85.0,291.0
2023-03-28T21:31:09.841506+00:00,90.0,44.0,19.0,191.0
2023-03-28T21:32:09.841506+00:00,14.0,37.0,24.0,141.0
2023-03-28T21:33:09.841506+00:00,57.0,44.0,78.0,198.0
2023-03-28T21:34:09.841506+00:00,8.0,28.0,38.0,204.0
2023-03-28T21:35:09.841506+00:00,48.0,0.0,19.0,57.0
2023-03-28T21:36:09.841506+00:00,58.0,44.0,88.0,49.0
2023-03-28T21:37:09.841506+00:00,3.0,47.0,99.0,55.0
2023-03-28T21:38:09.841506+00:00,80.0,14.0,56.0,137.0
2023-03-28T21:39:09.841506+00:00,93.0,5.0,18.0,54.0
2023-03-28T21:40:09.841506+00:00,89.0,37.0,51.0,82.0
2023-03-28T21:41:09.841506+00:00,90.0,35.0,36.0,76.0
2023-03-28T21:42:09.841506+00:00,76.0,9.0,36.0,195.0
2023-03-28T21:43:09.841506+00:00,19.0,20.0,88.0,300.0
2023-03-28T21:44:09.841506+00:00,69.0,1.0,19.0,262.0
2023-03-28T21:45:09.841506+00:00,48.0,20.0,21.0,70.0
2023-03-28T21:46:09.841506+00:00,56.0,22.0,81.0,44.0
2023-03-28T21:47:09.841506+00:00,24.0,7.0,62.0,263.0
2023-03-28T21:48:09.841506+00:00,18.0,29.0,78.0,156.0
2023-03-28T21:49:09.841506+00:00,18.0,45.0,38.0,282.0
2023-03-28T21:50:09.841506+00:00,59.0,31.0,30.0,250.0
2023-03-28T21:51:09.841506+00:00,77.0,47.0,57.0,183.0
2023-03-28T21:52:09.841506+00:00,34.0,40.0,27.0,97.0
2023-03-28T21:53:09.841506+00:00,73.0,4.0,11.0,102.0
2023-03-28T21:54:09.841506+00:00,51.0,19.0,35.0,139.0
2023-03-28T21:55:09.841506+00:00,49.0,30.0,88.0,60.0
2023-03-28T21:56:09.841506+00:00,78.0,2.0,7.0,16.0
2023-03-28T21:57:09.841506+00:00,24.0,15.0,83.0,214.0
2023-03-28T21:58:09.841506+00:00,72.0,44.0,94.0,290.0
2023-03-28T21:59:09.841506+00:00,56.0,26.0,10.0,17.0
2023-03-28T22:00:09.841506+00:00,59.0,16.0,67.0,141.0
2023-03-28T22:01:09.841506+00:00,81.0,7.0,22.0,150.0
2023-03-28T22:02:09.841506+00:00,18.0,19.0,99.0,73.0
2023-03-28T22:03:09.841506+00:00,86.0,44.0,56.0,76.0
2023-03-28T22:04:09.841506+00:00,85.0,46.0,81.0,220.0
2023-03-28T22:05:09.841506+00:00,1.0,19.0,37.0,229.0
2023-03-28T22:06:09.841506+00:00,76.0,26.0,31.0,77.0
2023-03-28T22:07:09.841506+00:00,10.0,4.0,3.0,154.0
2023-03-28T22:08:09.841506+00:00,89.0,12.0,8.0,172.0
2023-03-28T22:09:09.841506+00:00,97.0,27.0,74.0,45.0
2023-03-28T22:10:09.841506+00:00,68.0,1.0,60.0,219.0
2023-03-28T22:11:09.841506+00:00,14.0,32.0,10.0,242.0
2023-03-28T22:12:09.841506+00:00,73.0,12.0,88.0,187.0
2023-03-28T22:13:09.841506+00:00,34.0,38.0,92.0,3.0
2023-03-28T22:14:09.841506+00:00,40.0,28.0,13.0,136.0
2023-03-28T22:15:09.841506+00:00,82.0,34.0,96.0,155.0
2023-03-28T22:16:09.841506+00:00,87.0,49.0,8.0,251.0
2023-03-28T22:17:09.841506+00:00,26.0,10.0,11.0,71.0
2023-03-28T22:18:09.841506+00:00,68.0,33.0,9.0,34.0
2023-03-28T22:19:09.841506+00:00,42.0,45.0,86.0,143.0
2023-03-28T22:20:09.841506+00:00,6.0,23.0,64.0,92.0
2023-03-28T22:21:09.841506+00:00,85.0,37.0,40.0,75.0
2023-03-28T22:22:09.841506+00:00,73.0,23.0,78.0,166.0
2023-03-28T22:23:09.841506+00:00,14.0,40.0,82.0,115.0
2023-03-28T22:24:09.841506+00:00,85.0,43.0,70.0,223.0
2023-03-28T22:25:09.841506+00:00,64.0,49.0,75.0,143.0
2023-03-28T22:26:09.841506+00:00,16.0,26.0,43.0,47.0
2023-03-28T22:27:09.841506+00:00,60.0,25.0,71.0,243.0
2023-03-28T22:28:09.841506+00:00,48.0,5.0,52.0,277.0
2023-03-28T22:29:09.841506+00:00,35.0,20.0,99.0,99.0
2023-03-28T22:30:09.841506+00:00,48.0,27.0,35.0,272.0
2023-03-28T22:31:09.841506+00:00,28.0,33.0,33.0,139.0
2023-03-28T22:32:09.841506+00:00,37.0,17.0,96.0,191.0
2023-03-28T22:33:09.841506+00:00,42.0,24.0,70.0,182.0
2023-03-28T22:34:09.841506+00:00,74.0,23.0,19.0,155.0
2023-03-28T22:35:09.841506+00:00,64.0,20.0,56.0,196.0
2023-03-28T22:36:09.841506+00:00,19.0,8.0,3.0,31.0
2023-03-28T22:37:09.841506+00:00,29.0,38.0,93.0,15.0
2023-03-28T22:38:09.841506+00:00,15.0,50.0,40.0,227.0
2023-03-28T22:39:09.841506+00:00,62.0,29.0,94.0,92.0
2023-03-28T22:40:09.841506+00:00,67.0,46.0,94.0,223.0
2023-03-28T22:41:09.841506+00:00,70.0,47.0,42.0,202.0
2023-03-28T22:42:09.841506+00:00,100.0,39.0,53.0,75.0
2023-03-28T22:43:09.841506+00:00,46.0,21.0,45.0,6.0
2023-03-28T22:44:09.841506+00:00,3.0,50.0,24.0,88.0
2023-03-28T22:45:09.841506+00:00,8.0,18.0,54.0,65.0
2023-03-28T22:46:09.841506+00:00,83.0,6.0,33.0,253.0
2023-03-28T22:47:09.841506+00:00,96.0,46.0,46.0,187.0
2023-03-28T22:48:09.841506+00:00,14.0,32.0,8.0,145.0
2023-03-28T22:49:09.841506+00:00,20.0,33.0,21.0,195.0
2023-03-28T22:50:09.841506+00:00,81.0,13.0,88.0,99.0
2023-03-28T22:51:09.841506+00:00,77.0,24.0,35.0,59.0
2023-03-28T22:52:09.841506+00:00,100.0,40.0,20.0,286.0
2023-03-28T22:53:09.841506+00:00,24.0,10.0,1.0,154.0
2023-03-28T22:54:09.841506+00:00,89.0,22.0,91.0,40.0
2023-03-28T22:55:09.841506+00:00,2.0,41.0,55.0,299.0
2023-03-28T22:56:09.841506+00:00,14.0,19.0,78.0,21.0
2023-03-28T22:57:09.841506+00:00,76.0,21.0,18.0,186.0
2023-03-28T22:58:09.841506+00:00,15.0,9.0,44.0,126.0
2023-03-28T22:59:09.841506+00:00,63.0,31.0,100.0,67.0
2023-03-28T23:00:09.841506+00:00,2.0,38.0,5.0,233.0
2023-03-28T23:01:09.841506+00:00,10.0,3.0,83.0,294.0
2023-03-28T23:02:09.841506+00:00,25.0,1.0,77.0,171.0
2023-03-28T23:03:09.841506+00:00,10.0,46.0,50.0,132.0
2023-03-28T23:04:09.841506+00:00,51.0,14.0,3.0,112.0
2023-03-28T23:05:09.841506+00:00,84.0,39.0,41.0,259.0
2023-03-28T23:06:09.841506+00:00,9.0,31.0,53.0,155.0
2023-03-28T23:07:09.841506+00:00,79.0,46.0,90.0,228.0
2023-03-28T23:08:09.841506+00:00,31.0,17.0,30.0,58.0
2023-03-28T23:09:09.841506+00:00,44.0,47.0,96.0,180.0
2023-03-28T23:10:09.841506+00:00,40.0,45.0,29.0,211.0
2023-03-28T23:11:09.841506+00:00,88.0,29.0,39.0,164.0
2023-03-28T23:12:09.841506+00:00,41.0,19.0,30.0,275.0
2023-03-28T23:13:09.841506+00:00,81.0,38.0,97.0,82.0
2023-03-28T23:14:09.841506+00:00,18.0,5.0,51.0,133.0
2023-03-28T23:15:09.841506+00:00,0.0,13.0,25.0,209.0
2023-03-28T23:16:09.841506+00:00,58.0,0.0,36.0,285.0
2023-03-28T23:17:09.841506+00:00,5.0,28.0,24.0,153.0
2023-03-28T23:18:09.841506+00:00,66.0,1.0,11.0,18.0
2023-03-28T23:19:09.841506+00:00,94.0,4.0,42.0,154.0
2023-03-28T23:20:09.841506+00:00,21.0,24.0,48.0,168.0
2023-03-28T23:21:09.841506+00:00,45.0,14.0,44.0,278.0
2023-03-28T23:22:09.841506+00:00,73.0,45.0,69.0,159.0
2023-03-28T23:23:09.841506+00:00,54.0,20.0,38.0,126.0
2023-03-28T23:24:09.841506+00:00,79.0,38.0,98.0,64.0
2023-03-28T23:25:09.841506+00:00,81.0,4.0,62.0,291.0
2023-03-28T23:26:09.841506+00:00,31.0,47.0,44.0,154.0
2023-03-28T23:27:09.841506+00:00,84.0,46.0,58.0,69.0
2023-03-28T23:28:09.841506+00:00,60.0,16.0,62.0,119.0
2023-03-28T23:29:09.841506+00:00,46.0,28.0,80.0,14.0
2023-03-28T23:30:09.841506+00:00,33.0,21.0,13.0,50.0
2023-03-28T23:31:09.841506+00:00,54.0,38.0,62.0,142.0
2023-03-28T23:32:09.841506+00:00,86.0,27.0,76.0,131.0
2023-03-28T23:33:09.841506+00:00,35.0,27.0,2.0,49.0
2023-03-28T23:34:09.841506+00:00,94.0,6.0,14.0,250.0
2023-03-28T23:35:09.841506+00:00,0.0,39.0,71.0,97.0
2023-03-28T23:36:09.841506+00:00,92.0,24.0,69.0,150.0
2023-03-28T23:37:09.841506+00:00,46.0,10.0,87.0,278.0
2023-03-28T23:38:09.841506+00:00,51.0,12.0,47.0,223.0
2023-03-28T23:39:09.841506+00:00,68.0,9.0,51.0,65.0
2023-03-28T23:40:09.841506+00:00,95.0,2.0,95.0,183.0
2023-03-28T23:41:09.841506+00:00,68.0,48.0,77.0,148.0
2023-03-28T23:42:09.841506+00:00,68.0,15.0,72.0,68.0
2023-03-28T23:43:09.841506+00:00,31.0,18.0,46.0,78.0
2023-03-28T23:44:09.841506+00:00,89.0,42.0,71.0,233.0
2023-03-28T23:45:09.841506+00:00,57.0,28.0,91.0,10.0
2023-03-28T23:46:09.841506+00:00,99.0,44.0,72.0,189.0
2023-03-28T23:47:09.841506+00:00,90.0,45.0,90.0,90.0
2023-03-28T23:48:09.841506+00:00,28.0,17.0,48.0,230.0
2023-03-28T23:49:09.841506+00:00,26.0,24.0,20.0,3.0
2023-03-28T23:50:09.841506+00:00,44.0,23.0,23.0,213.0
2023-03-28T23:51:09.841506+00:00,80.0,19.0,47.0,145.0
2023-03-28T23:52:09.841506+00:00,21.0,40.0,52.0,28.0
2023-03-28T23:53:09.841506+00:00,0.0,18.0,33.0,163.0
2023-03-28T23:54:09.841506+00:00,38.0,36.0,68.0,101.0
2023-03-28T23:55:09.841506+00:00,98.0,1.0,13.0,91.0
2023-03-28T23:56:09.841506+00:00,42.0,7.0,42.0,4.0
2023-03-28T23:57:09.841506+00:00,12.0,17.0,29.0,245.0
2023-03-28T23:58:09.841506+00:00,40.0,18.0,23.0,292.0
2023-03-28T23:59:09.841506+00:00,27.0,40.0,15.0,287.0
2023-03-29T00:00:09.841506+00:00,23.0,26.0,36.0,288.0
2023-03-29T00:01:09.841506+00:00,20.0,23.0,78.0,275.0
2023-03-29T00:02:09.841506+00:00,0.0,4.0,5.0,144.0
2023-03-29T00:03:09.841506+00:00,65.0,0.0,47.0,172.0
2023-03-29T00:04:09.841506+00:00,46.0,3.0,66.0,87.0
2023-03-29T00:05:09.841506+00:00,73.0,17.0,25.0,10.0
2023-03-29T00:06:09.841506+00:00,61.0,23.0,31.0,144.0
2023-03-29T00:07:09.841506+00:00,88.0,23.0,10.0,52.0
2023-03-29T00:08:09.841506+00:00,63.0,43.0,84.0,201.0
2023-03-29T00:09:09.841506+00:00,17.0,16.0,17.0,118.0
2023-03-29T00:10:09.841506+00:00,42.0,49.0,76.0,287.0
2023-03-29T00:11:09.841506+00:00,19.0,6.0,5.0,125.0
2023-03-29T00:12:09.841506+00:00,58.0,12.0,87.0,167.0
2023-03-29T00:13:09.841506+00:00,73.0,23.0,96.0,99.0
2023-03-29T00:14:09.841506+00:00,62.0,34.0,77.0,256.0
2023-03-29T00:15:09.841506+00:00,78.0,6.0,70.0,68.0
2023-03-29T00:16:09.841506+00:00,6.0,3.0,29.0,82.0
2023-03-29T00:17:09.841506+00:00,0.0,0.0,17.0,283.0
2023-03-29T00:18:09.841506+00:00,91.0,0.0,74.0,46.0
2023-03-29T00:19:09.841506+00:00,67.0,43.0,35.0,95.0
2023-03-29T00:20:09.841506+00:00,37.0,19.0,17.0,203.0
2023-03-29T00:21:09.841506+00:00,91.0,29.0,47.0,235.0
2023-03-29T00:22:09.841506+00:00,51.0,17.0,0.0,127.0
2023-03-29T00:23:09.841506+00:00,20.0,14.0,5.0,170.0
2023-03-29T00:24:09.841506+00:00,20.0,18.0,82.0,227.0
2023-03-29T00:25:09.841506+00:00,96.0,5.0,48.0,258.0
2023-03-29T00:26:09.841506+00:00,18.0,30.0,60.0,275.0
2023-03-29T00:27:09.841506+00:00,4.0,41.0,28.0,216.0
2023-03-29T00:28:09.841506+00:00,50.0,20.0,38.0,81.0
2023-03-29T00:29:09.841506+00:00,18.0,44.0,75.0,151.0
2023-03-29T00:30:09.841506+00:00,91.0,49.0,89.0,114.0
2023-03-29T00:31:09.841506+00:00,16.0,32.0,63.0,202.0
2023-03-29T00:32:09.841506+00:00,25.0,15.0,57.0,139.0
2023-03-29T00:33:09.841506+00:00,38.0,17.0,95.0,257.0
2023-03-29T00:34:09.841506+00:00,8.0,13.0,48.0,225.0
2023-03-29T00:35:09.841506+00:00,65.0,11.0,90.0,267.0
2023-03-29T00:36:09.841506+00:00,44.0,12.0,97.0,137.0
2023-03-29T00:37:09.841506+00:00,20.0,12.0,26.0,136.0
2023-03-29T00:38:09.841506+00:00,64.0,45.0,87.0,185.0
2023-03-29T00:39:09.841506+00:00,13.0,30.0,14.0,114.0
2023-03-29T00:40:09.841506+00:00,59.0,35.0,63.0,197.0
2023-03-29T00:41:09.841506+00:00,47.0,42.0,48.0,273.0
2023-03-29T00:42:09.841506+00:00,11.0,47.0,51.0,20.0
2023-03-29T00:43:09.841506+00:00,69.0,33.0,17.0,147.0
2023-03-29T00:44:09.841506+00:00,93.0,49.0,33.0,48.0
2023-03-29T00:45:09.841506+00:00,25.0,16.0,97.0,285.0
2023-03-29T00:46:09.841506+00:00,22.0,21.0,76.0,258.0
2023-03-29T00:47:09.841506+00:00,22.0,19.0,14.0,257.0
2023-03-29T00:48:09.841506+00:00,93.0,24.0,80.0,251.0
2023-03-29T00:49:09.841506+00:00,76.0,40.0,35.0,154.0
2023-03-29T00:50:09.841506+00:00,79.0,16.0,21.0,244.0
2023-03-29T00:51:09.841506+00:00,44.0,26.0,61.0,278.0
2023-03-29T00:52:09.841506+00:00,36.0,49.0,4.0,111.0
2023-03-29T00:53:09.841506+00:00,71.0,1.0,13.0,20.0
2023-03-29T00:54:09.841506+00:00,44.0,15.0,44.0,291.0
2023-03-29T00:55:09.841506+00:00,79.0,9.0,86.0,173.0
2023-03-29T00:56:09.841506+00:00,99.0,31.0,14.0,217.0
2023-03-29T00:57:09.841506+00:00,11.0,47.0,35.0,243.0
2023-03-29T00:58:09.841506+00:00,20.0,41.0,37.0,269.0
2023-03-29T00:59:09.841506+00:00,50.0,27.0,70.0,108.0
2023-03-29T01:00:09.841506+00:00,29.0,30.0,76.0,135.0
2023-03-29T01:01:09.841506+00:00,26.0,12.0,19.0,24.0
2023-03-29T01:02:09.841506+00:00,67.0,28.0,94.0,104.0
2023-03-29T01:03:09.841506+00:00,23.0,28.0,61.0,25.0
2023-03-29T01:04:09.841506+00:00,46.0,15.0,39.0,210.0
2023-03-29T01:05:09.841506+00:00,12.0,11.0,70.0,250.0
2023-03-29T01:06:09.841506+00:00,7.0,12.0,77.0,85.0
2023-03-29T01:07:09.841506+00:00,42.0,10.0,71.0,266.0
2023-03-29T01:08:09.841506+00:00,98.0,35.0,36.0,156.0
2023-03-29T01:09:09.841506+00:00,36.0,27.0,38.0,30.0
2023-03-29T01:10:09.841506+00:00,82.0,3.0,23.0,217.0
2023-03-29T01:11:09.841506+00:00,78.0,22.0,18.0,230.0
2023-03-29T01:12:09.841506+00:00,11.0,13.0,11.0,193.0
2023-03-29T01:13:09.841506+00:00,69.0,27.0,50.0,135.0
2023-03-29T01:14:09.841506+00:00,44.0,49.0,55.0,133.0
2023-03-29T01:15:09.841506+00:00,62.0,34.0,71.0,19.0
2023-03-29T01:16:09.841506+00:00,52.0,12.0,48.0,272.0
2023-03-29T01:17:09.841506+00:00,9.0,0.0,43.0,207.0
2023-03-29T01:18:09.841506+00:00,2.0,2.0,59.0,220.0
2023-03-29T01:19:09.841506+00:00,6.0,13.0,51.0,185.0
2023-03-29T01:20:09.841506+00:00,84.0,30.0,99.0,131.0
2023-03-29T01:21:09.841506+00:00,19.0,28.0,87.0,193.0
2023-03-29T01:22:09.841506+00:00,64.0,13.0,45.0,281.0
2023-03-29T01:23:09.841506+00:00,7.0,1.0,33.0,189.0
2023-03-29T01:24:09.841506+00:00,41.0,31.0,21.0,245.0
2023-03-29T01:25:09.841506+00:00,38.0,16.0,24.0,124.0
2023-03-29T01:26:09.841506+00:00,53.0,49.0,77.0,183.0
2023-03-29T01:27:09.841506+00:00,43.0,16.0,80.0,173.0
2023-03-29T01:28:09.841506+00:00,24.0,33.0,55.0,245.0
2023-03-29T01:29:09.841506+00:00,87.0,43.0,31.0,17.0
2023-03-29T01:30:09.841506+00:00,20.0,44.0,20.0,237.0
2023-03-29T01:31:09.841506+00:00,37.0,50.0,46.0,188.0
2023-03-29T01:32:09.841506+00:00,30.0,7.0,100.0,267.0
2023-03-29T01:33:09.841506+00:00,76.0,16.0,44.0,123.0
2023-03-29T01:34:09.841506+00:00,72.0,5.0,3.0,285.0
2023-03-29T01:35:09.841506+00:00,22.0,49.0,84.0,233.0
2023-03-29T01:36:09.841506+00:00,33.0,38.0,22.0,80.0
2023-03-29T01:37:09.841506+00:00,54.0,33.0,16.0,295.0
2023-03-29T01:38:09.841506+00:00,31.0,20.0,6.0,48.0
2023-03-29T01:39:09.841506+00:00,95.0,37.0,27.0,201.0
2023-03-29T01:40:09.841506+00:00,64.0,13.0,25.0,280.0
2023-03-29T01:41:09.841506+00:00,84.0,16.0,12.0,131.0
2023-03-29T01:42:09.841506+00:00,7.0,40.0,88.0,21.0
2023-03-29T01:43:09.841506+00:00,37.0,14.0,73.0,60.0
2023-03-29T01:44:09.841506+00:00,91.0,40.0,51.0,299.0
2023-03-29T01:45:09.841506+00:00,60.0,22.0,92.0,7.0
2023-03-29T01:46:09.841506+00:00,29.0,7.0,44.0,103.0
2023-03-29T01:47:09.841506+00:00,12.0,44.0,89.0,288.0
2023-03-29T01:48:09.841506+00:00,53.0,34.0,75.0,207.0
2023-03-29T01:49:09.841506+00:00,94.0,34.0,94.0,113.0
2023-03-29T01:50:09.841506+00:00,64.0,3.0,72.0,60.0
2023-03-29T01:51:09.841506+00:00,24.0,5.0,59.0,100.0
2023-03-29T01:52:09.841506+00:00,22.0,38.0,11.0,139.0
2023-03-29T01:53:09.841506+00:00,11.0,25.0,3.0,176.0
2023-03-29T01:54:09.841506+00:00,54.0,9.0,30.0,248.0
2023-03-29T01:55:09.841506+00:00,5.0,36.0,31.0,170.0
2023-03-29T01:56:09.841506+00:00,54.0,35.0,81.0,23.0
2023-03-29T01:57:09.841506+00:00,64.0,4.0,82.0,252.0
2023-03-29T01:58:09.841506+00:00,64.0,30.0,29.0,250.0
2023-03-29T01:59:09.841506+00:00,84.0,21.0,67.0,154.0
2023-03-29T02:00:09.841506+00:00,29.0,48.0,88.0,218.0
2023-03-29T02:01:09.841506+00:00,41.0,5.0,34.0,216.0
2023-03-29T02:02:09.841506+00:00,87.0,2.0,46.0,265.0
2023-03-29T02:03:09.841506+00:00,41.0,10.0,78.0,12.0
2023-03-29T02:04:09.841506+00:00,31.0,42.0,9.0,157.0
2023-03-29T02:05:09.841506+00:00,63.0,28.0,88.0,118.0
2023-03-29T02:06:09.841506+00:00,77.0,23.0,69.0,219.0
2023-03-29T02:07:09.841506+00:00,31.0,13.0,72.0,9.0
2023-03-29T02:08:09.841506+00:00,54.0,43.0,88.0,47.0
2023-03-29T02:09:09.841506+00:00,49.0,12.0,58.0,5.0
2023-03-29T02:10:09.841506+00:00,66.0,30.0,25.0,251.0
2023-03-29T02:11:09.841506+00:00,7.0,10.0,18.0,7.0
2023-03-29T02:12:09.841506+00:00,8.0,29.0,64.0,110.0
2023-03-29T02:13:09.841506+00:00,41.0,41.0,60.0,209.0
2023-03-29T02:14:09.841506+00:00,96.0,26.0,36.0,72.0
2023-03-29T02:15:09.841506+00:00,42.0,4.0,70.0,42.0
2023-03-29T02:16:09.841506+00:00,42.0,41.0,70.0,116.0
2023-03-29T02:17:09.841506+00:00,91.0,7.0,60.0,159.0
2023-03-29T02:18:09.841506+00:00,69.0,42.0,97.0,263.0
2023-03-29T02:19:09.841506+00:00,18.0,28.0,62.0,62.0
2023-03-29T02:20:09.841506+00:00,60.0,34.0,33.0,284.0
2023-03-29T02:21:09.841506+00:00,90.0,8.0,13.0,56.0
2023-03-29T02:22:09.841506+00:00,60.0,17.0,22.0,77.0
2023-03-29T02:23:09.841506+00:00,43.0,28.0,16.0,63.0
2023-03-29T02:24:09.841506+00:00,97.0,17.0,25.0,171.0
2023-03-29T02:25:09.841506+00:00,65.0,15.0,58.0,236.0
2023-03-29T02:26:09.841506+00:00,8.0,44.0,48.0,207.0
2023-03-29T02:27:09.841506+00:00,39.0,48.0,89.0,162.0
2023-03-29T02:28:09.841506+00:00,51.0,3.0,19.0,171.0
2023-03-29T02:29:09.841506+00:00,84.0,0.0,28.0,43.0
2023-03-29T02:30:09.841506+00:00,64.0,25.0,44.0,175.0
2023-03-29T02:31:09.841506+00:00,71.0,45.0,69.0,232.0
2023-03-29T02:32:09.841506+00:00,6.0,48.0,43.0,2.0
2023-03-29T02:33:09.841506+00:00,96.0,44.0,24.0,68.0
2023-03-29T02:34:09.841506+00:00,55.0,46.0,97.0,43.0
2023-03-29T02:35:09.841506+00:00,83.0,15.0,96.0,198.0
2023-03-29T02:36:09.841506+00:00,34.0,13.0,92.0,107.0
2023-03-29T02:37:09.841506+00:00,41.0,22.0,74.0,254.0
2023-03-29T02:38:09.841506+00:00,46.0,47.0,94.0,212.0
2023-03-29T02:39:09.841506+00:00,63.0,22.0,97.0,270.0
2023-03-29T02:40:09.841506+00:00,39.0,50.0,41.0,226.0
2023-03-29T02:41:09.841506+00:00,70.0,40.0,28.0,260.0
2023-03-29T02:42:09.841506+00:00,75.0,14.0,78.0,152.0
2023-03-29T02:43:09.841506+00:00,8.0,5.0,76.0,120.0
2023-03-29T02:44:09.841506+00:00,100.0,30.0,59.0,133.0
2023-03-29T02:45:09.841506+00:00,43.0,32.0,7.0,126.0
2023-03-29T02:46:09.841506+00:00,17.0,31.0,19.0,163.0
2023-03-29T02:47:09.841506+00:00,27.0,17.0,77.0,137.0
2023-03-29T02:48:09.841506+00:00,43.0,8.0,10.0,64.0
2023-03-29T02:49:09.841506+00:00,30.0,26.0,13.0,185.0
2023-03-29T02:50:09.841506+00:00,89.0,38.0,50.0,177.0
2023-03-29T02:51:09.841506+00:00,78.0,21.0,76.0,2.0
2023-03-29T02:52:09.841506+00:00,25.0,32.0,8.0,129.0
2023-03-29T02:53:09.841506+00:00,84.0,10.0,88.0,11.0
2023-03-29T02:54:09.841506+00:00,95.0,34.0,34.0,194.0
2023-03-29T02:55:09.841506+00:00,6.0,31.0,22.0,99.0
2023-03-29T02:56:09.841506+00:00,89.0,24.0,78.0,232.0
2023-03-29T02:57:09.841506+00:00,84.0,44.0,63.0,158.0
2023-03-29T02:58:09.841506+00:00,70.0,4.0,46.0,227.0
2023-03-29T02:59:09.841506+00:00,59.0,38.0,1.0,273.0
2023-03-29T03:00:09.841506+00:00,41.0,50.0,83.0,59.0
2023-03-29T03:01:09.841506+00:00,96.0,2.0,66.0,147.0
2023-03-29T03:02:09.841506+00:00,75.0,7.0,18.0,220.0
2023-03-29T03:03:09.841506+00:00,62.0,43.0,28.0,190.0
2023-03-29T03:04:09.841506+00:00,80.0,3.0,74.0,18.0
2023-03-29T03:05:09.841506+00:00,3.0,37.0,92.0,189.0
2023-03-29T03:06:09.841506+00:00,59.0,33.0,4.0,244.0
2023-03-29T03:07:09.841506+00:00,7.0,39.0,63.0,159.0
2023-03-29T03:08:09.841506+00:00,87.0,6.0,63.0,282.0
2023-03-29T03:09:09.841506+00:00,88.0,40.0,38.0,165.0
2023-03-29T03:10:09.841506+00:00,37.0,10.0,41.0,2.0
2023-03-29T03:11:09.841506+00:00,38.0,38.0,87.0,9.0
2023-03-29T03:12:09.841506+00:00,0.0,1.0,68.0,126.0
2023-03-29T03:13:09.841506+00:00,77.0,9.0,10.0,142.0
2023-03-29T03:14:09.841506+00:00,40.0,1.0,56.0,192.0
2023-03-29T03:15:09.841506+00:00,15.0,30.0,89.0,119.0
2023-03-29T03:16:09.841506+00:00,41.0,7.0,100.0,232.0
2023-03-29T03:17:09.841506+00:00,42.0,14.0,81.0,200.0
2023-03-29T03:18:09.841506+00:00,47.0,42.0,92.0,154.0
2023-03-29T03:19:09.841506+00:00,46.0,47.0,33.0,219.0
2023-03-29T03:20:09.841506+00:00,30.0,4.0,80.0,39.0
2023-03-29T03:21:09.841506+00:00,18.0,43.0,83.0,255.0
2023-03-29T03:22:09.841506+00:00,3.0,41.0,27.0,258.0
2023-03-29T03:23:09.841506+00:00,0.0,14.0,2.0,221.0
2023-03-29T03:24:09.841506+00:00,82.0,43.0,31.0,215.0
2023-03-29T03:25:09.841506+00:00,36.0,26.0,65.0,161.0
2023-03-29T03:26:09.841506+00:00,69.0,48.0,10.0,135.0
2023-03-29T03:27:09.841506+00:00,80.0,6.0,46.0,103.0
2023-03-29T03:28:09.841506+00:00,1.0,50.0,49.0,181.0
2023-03-29T03:29:09.841506+00:00,40.0,26.0,59.0,54.0
2023-03-29T03:30:09.841506+00:00,44.0,2.0,46.0,161.0
2023-03-29T03:31:09.841506+00:00,77.0,10.0,31.0,281.0
2023-03-29T03:32:09.841506+00:00,96.0,23.0,56.0,228.0
2023-03-29T03:33:09.841506+00:00,32.0,33.0,56.0,108.0
2023-03-29T03:34:09.841506+00:00,21.0,17.0,25.0,90.0
2023-03-29T03:35:09.841506+00:00,56.0,9.0,4.0,6.0
2023-03-29T03:36:09.841506+00:00,74.0,46.0,62.0,213.0
2023-03-29T03:37:09.841506+00:00,62.0,29.0,28.0,283.0
2023-03-29T03:38:09.841506+00:00,79.0,24.0,79.0,160.0
2023-03-29T03:39:09.841506+00:00,25.0,24.0,6.0,215.0
2023-03-29T03:40:09.841506+00:00,82.0,17.0,71.0,71.0
2023-03-29T03:41:09.841506+00:00,30.0,22.0,26.0,167.0
2023-03-29T03:42:09.841506+00:00,85.0,9.0,86.0,135.0
2023-03-29T03:43:09.841506+00:00,31.0,24.0,83.0,271.0
2023-03-29T03:44:09.841506+00:00,45.0,17.0,44.0,294.0
2023-03-29T03:45:09.841506+00:00,88.0,34.0,95.0,267.0
2023-03-29T03:46:09.841506+00:00,36.0,9.0,46.0,71.0
2023-03-29T03:47:09.841506+00:00,13.0,20.0,90.0,237.0
2023-03-29T03:48:09.841506+00:00,50.0,14.0,79.0,47.0
2023-03-29T03:49:09.841506+00:00,7.0,3.0,36.0,188.0
2023-03-29T03:50:09.841506+00:00,37.0,37.0,14.0,286.0
2023-03-29T03:51:09.841506+00:00,34.0,16.0,86.0,190.0
2023-03-29T03:52:09.841506+00:00,66.0,8.0,44.0,96.0
2023-03-29T03:53:09.841506+00:00,51.0,39.0,11.0,147.0
2023-03-29T03:54:09.841506+00:00,95.0,41.0,72.0,44.0
2023-03-29T03:55:09.841506+00:00,15.0,46.0,5.0,189.0
2023-03-29T03:56:09.841506+00:00,72.0,25.0,68.0,253.0
2023-03-29T03:57:09.841506+00:00,0.0,29.0,91.0,95.0
2023-03-29T03:58:09.841506+00:00,23.0,19.0,84.0,149.0
2023-03-29T03:59:09.841506+00:00,42.0,33.0,1.0,121.0
2023-03-29T04:00:09.841506+00:00,46.0,40.0,50.0,150.0
2023-03-29T04:01:09.841506+00:00,16.0,19.0,30.0,50.0
2023-03-29T04:02:09.841506+00:00,84.0,17.0,28.0,169.0
2023-03-29T04:03:09.841506+00:00,100.0,49.0,33.0,165.0
2023-03-29T04:04:09.841506+00:00,94.0,48.0,97.0,221.0
2023-03-29T04:05:09.841506+00:00,37.0,10.0,93.0,41.0
2023-03-29T04:06:09.841506+00:00,26.0,48.0,20.0,244.0
2023-03-29T04:07:09.841506+00:00,58.0,31.0,57.0,26.0
2023-03-29T04:08:09.841506+00:00,3.0,11.0,34.0,265.0
2023-03-29T04:09:09.841506+00:00,14.0,18.0,6.0,119.0
2023-03-29T04:10:09.841506+00:00,71.0,7.0,8.0,189.0
2023-03-29T04:11:09.841506+00:00,49.0,11.0,44.0,96.0
2023-03-29T04:12:09.841506+00:00,79.0,45.0,89.0,146.0
2023-03-29T04:13:09.841506+00:00,68.0,46.0,46.0,106.0
2023-03-29T04:14:09.841506+00:00,22.0,9.0,56.0,90.0
2023-03-29T04:15:09.841506+00:00,67.0,30.0,93.0,51.0
2023-03-29T04:16:09.841506+00:00,31.0,7.0,92.0,290.0
2023-03-29T04:17:09.841506+00:00,14.0,48.0,10.0,24.0
2023-03-29T04:18:09.841506+00:00,64.0,31.0,87.0,162.0
2023-03-29T04:19:09.841506+00:00,15.0,49.0,26.0,7.0
2023-03-29T04:20:09.841506+00:00,46.0,38.0,56.0,12.0
2023-03-29T04:21:09.841506+00:00,51.0,26.0,80.0,3.0
2023-03-29T04:22:09.841506+00:00,64.0,45.0,77.0,218.0
2023-03-29T04:23:09.841506+00:00,28.0,46.0,25.0,10.0
2023-03-29T04:24:09.841506+00:00,14.0,40.0,88.0,4.0
2023-03-29T04:25:09.841506+00:00,83.0,3.0,55.0,188.0
2023-03-29T04:26:09.841506+00:00,43.0,31.0,37.0,232.0
2023-03-29T04:27:09.841506+00:00,90.0,42.0,1.0,74.0
2023-03-29T04:28:09.841506+00:00,76.0,28.0,10.0,80.0
2023-03-29T04:29:09.841506+00:00,48.0,11.0,37.0,289.0
2023-03-29T04:30:09.841506+00:00,10.0,50.0,68.0,228.0
2023-03-29T04:31:09.841506+00:00,70.0,6.0,100.0,144.0
2023-03-29T04:32:09.841506+00:00,87.0,39.0,56.0,227.0
2023-03-29T04:33:09.841506+00:00,48.0,32.0,35.0,149.0
2023-03-29T04:34:09.841506+00:00,77.0,13.0,90.0,262.0
2023-03-29T04:35:09.841506+00:00,47.0,12.0,77.0,78.0
2023-03-29T04:36:09.841506+00:00,82.0,43.0,70.0,290.0
2023-03-29T04:37:09.841506+00:00,5.0,2.0,82.0,142.0
2023-03-29T04:38:09.841506+00:00,75.0,5.0,36.0,98.0
2023-03-29T04:39:09.841506+00:00,28.0,18.0,13.0,50.0
2023-03-29T04:40:09.841506+00:00,72.0,41.0,32.0,129.0
2023-03-29T04:41:09.841506+00:00,1.0,17.0,54.0,279.0
2023-03-29T04:42:09.841506+00:00,27.0,36.0,5.0,160.0
2023-03-29T04:43:09.841506+00:00,52.0,40.0,25.0,107.0
2023-03-29T04:44:09.841506+00:00,3.0,7.0,32.0,192.0
2023-03-29T04:45:09.841506+00:00,54.0,21.0,97.0,30.0
2023-03-29T04:46:09.841506+00:00,88.0,1.0,90.0,24.0
2023-03-29T04:47:09.841506+00:00,15.0,17.0,81.0,82.0
2023-03-29T04:48:09.841506+00:00,28.0,25.0,80.0,10.0
2023-03-29T04:49:09.841506+00:00,30.0,46.0,52.0,190.0
2023-03-29T04:50:09.841506+00:00,97.0,10.0,68.0,279.0
2023-03-29T04:51:09.841506+00:00,39.0,49.0,20.0,256.0
2023-03-29T04:52:09.841506+00:00,58.0,30.0,74.0,295.0
2023-03-29T04:53:09.841506+00:00,48.0,7.0,11.0,113.0
2023-03-29T04:54:09.841506+00:00,57.0,17.0,35.0,183.0
2023-03-29T04:55:09.841506+00:00,33.0,19.0,49.0,9.0
2023-03-29T04:56:09.841506+00:00,35.0,16.0,48.0,202.0
2023-03-29T04:57:09.841506+00:00,92.0,34.0,2.0,151.0
2023-03-29T04:58:09.841506+00:00,43.0,22.0,1.0,212.0
2023-03-29T04:59:09.841506+00:00,63.0,16.0,36.0,127.0
2023-03-29T05:00:09.841506+00:00,79.0,21.0,26.0,9.0
2023-03-29T05:01:09.841506+00:00,26.0,37.0,87.0,25.0
2023-03-29T05:02:09.841506+00:00,37.0,6.0,46.0,11.0
2023-03-29T05:03:09.841506+00:00,71.0,22.0,40.0,102.0
2023-03-29T05:04:09.841506+00:00,92.0,44.0,72.0,127.0
2023-03-29T05:05:09.841506+00:00,87.0,15.0,34.0,212.0
2023-03-29T05:06:09.841506+00:00,98.0,3.0,83.0,214.0
2023-03-29T05:07:09.841506+00:00,5.0,20.0,34.0,40.0
2023-03-29T05:08:09.841506+00:00,7.0,35.0,21.0,9.0
2023-03-29T05:09:09.841506+00:00,65.0,27.0,92.0,29.0
2023-03-29T05:10:09.841506+00:00,45.0,29.0,53.0,280.0
2023-03-29T05:11:09.841506+00:00,32.0,46.0,74.0,191.0
2023-03-29T05:12:09.841506+00:00,98.0,46.0,57.0,193.0
2023-03-29T05:13:09.841506+00:00,94.0,14.0,87.0,177.0
2023-03-29T05:14:09.841506+00:00,22.0,7.0,24.0,6.0
2023-03-29T05:15:09.841506+00:00,65.0,34.0,5.0,182.0
2023-03-29T05:16:09.841506+00:00,31.0,10.0,9.0,55.0
2023-03-29T05:17:09.841506+00:00,25.0,46.0,19.0,151.0
2023-03-29T05:18:09.841506+00:00,2.0,34.0,98.0,101.0
2023-03-29T05:19:09.841506+00:00,41.0,48.0,32.0,132.0
2023-03-29T05:20:09.841506+00:00,42.0,36.0,11.0,178.0
2023-03-29T05:21:09.841506+00:00,15.0,17.0,90.0,89.0
2023-03-29T05:22:09.841506+00:00,79.0,16.0,84.0,110.0
2023-03-29T05:23:09.841506+00:00,34.0,19.0,39.0,269.0
2023-03-29T05:24:09.841506+00:00,54.0,9.0,87.0,80.0
2023-03-29T05:25:09.841506+00:00,63.0,36.0,78.0,27.0
2023-03-29T05:26:09.841506+00:00,47.0,24.0,29.0,19.0
2023-03-29T05:27:09.841506+00:00,86.0,18.0,96.0,46.0
2023-03-29T05:28:09.841506+00:00,49.0,12.0,84.0,135.0
2023-03-29T05:29:09.841506+00:00,48.0,48.0,93.0,77.0
2023-03-29T05:30:09.841506+00:00,91.0,29.0,79.0,70.0
2023-03-29T05:31:09.841506+00:00,98.0,0.0,22.0,250.0
2023-03-29T05:32:09.841506+00:00,91.0,30.0,14.0,67.0
2023-03-29T05:33:09.841506+00:00,73.0,12.0,46.0,283.0
2023-03-29T05:34:09.841506+00:00,3.0,38.0,5.0,14.0
2023-03-29T05:35:09.841506+00:00,43.0,34.0,91.0,286.0
2023-03-29T05:36:09.841506+00:00,76.0,12.0,55.0,95.0
2023-03-29T05:37:09.841506+00:00,4.0,5.0,39.0,143.0
2023-03-29T05:38:09.841506+00:00,18.0,6.0,74.0,176.0
2023-03-29T05:39:09.841506+00:00,48.0,37.0,70.0,109.0
2023-03-29T05:40:09.841506+00:00,70.0,15.0,3.0,251.0
2023-03-29T05:41:09.841506+00:00,24.0,35.0,40.0,117.0
2023-03-29T05:42:09.841506+00:00,68.0,17.0,79.0,10.0
2023-03-29T05:43:09.841506+00:00,76.0,10.0,29.0,75.0
2023-03-29T05:44:09.841506+00:00,50.0,20.0,18.0,155.0
2023-03-29T05:45:09.841506+00:00,11.0,22.0,80.0,40.0
2023-03-29T05:46:09.841506+00:00,87.0,37.0,29.0,177.0
2023-03-29T05:47:09.841506+00:00,52.0,48.0,53.0,31.0
2023-03-29T05:48:09.841506+00:00,10.0,42.0,17.0,115.0
2023-03-29T05:49:09.841506+00:00,79.0,19.0,3.0,201.0
2023-03-29T05:50:09.841506+00:00,99.0,7.0,99.0,47.0
2023-03-29T05:51:09.841506+00:00,22.0,33.0,61.0,95.0
2023-03-29T05:52:09.841506+00:00,83.0,39.0,97.0,288.0
2023-03-29T05:53:09.841506+00:00,29.0,0.0,34.0,170.0
2023-03-29T05:54:09.841506+00:00,41.0,25.0,81.0,143.0
2023-03-29T05:55:09.841506+00:00,89.0,37.0,8.0,33.0
2023-03-29T05:56:09.841506+00:00,94.0,33.0,15.0,131.0
2023-03-29T05:57:09.841506+00:00,73.0,42.0,3.0,113.0
2023-03-29T05:58:09.841506+00:00,95.0,20.0,73.0,85.0
2023-03-29T05:59:09.841506+00:00,24.0,30.0,11.0,22.0
2023-03-29T06:00:09.841506+00:00,47.0,49.0,72.0,273.0
2023-03-29T06:01:09.841506+00:00,53.0,5.0,94.0,47.0
2023-03-29T06:02:09.841506+00:00,59.0,37.0,20.0,235.0
2023-03-29T06:03:09.841506+00:00,98.0,31.0,16.0,290.0
2023-03-29T06:04:09.841506+00:00,97.0,15.0,3.0,263.0
2023-03-29T06:05:09.841506+00:00,35.0,39.0,94.0,242.0
2023-03-29T06:06:09.841506+00:00,6.0,8.0,34.0,10.0
2023-03-29T06:07:09.841506+00:00,26.0,12.0,53.0,154.0
2023-03-29T06:08:09.841506+00:00,12.0,47.0,4.0,3.0
2023-03-29T06:09:09.841506+00:00,92.0,1.0,77.0,59.0
2023-03-29T06:10:09.841506+00:00,73.0,44.0,79.0,18.0
2023-03-29T06:11:09.841506+00:00,85.0,45.0,69.0,268.0
2023-03-29T06:12:09.841506+00:00,28.0,42.0,71.0,274.0
2023-03-29T06:13:09.841506+00:00,64.0,12.0,22.0,247.0
2023-03-29T06:14:09.841506+00:00,86.0,44.0,40.0,167.0
2023-03-29T06:15:09.841506+00:00,76.0,8.0,14.0,176.0
2023-03-29T06:16:09.841506+00:00,66.0,35.0,3.0,54.0
2023-03-29T06:17:09.841506+00:00,36.0,38.0,98.0,203.0
2023-03-29T06:18:09.841506+00:00,35.0,7.0,88.0,131.0
2023-03-29T06:19:09.841506+00:00,32.0,49.0,6.0,218.0
2023-03-29T06:20:09.841506+00:00,93.0,30.0,9.0,127.0
2023-03-29T06:21:09.841506+00:00,0.0,38.0,37.0,46.0
2023-03-29T06:22:09.841506+00:00,31.0,34.0,86.0,171.0
2023-03-29T06:23:09.841506+00:00,11.0,17.0,76.0,114.0
2023-03-29T06:24:09.841506+00:00,5.0,50.0,2.0,106.0
2023-03-29T06:25:09.841506+00:00,90.0,37.0,25.0,145.0
2023-03-29T06:26:09.841506+00:00,14.0,42.0,90.0,71.0
2023-03-29T06:27:09.841506+00:00,52.0,27.0,22.0,163.0
2023-03-29T06:28:09.841506+00:00,7.0,16.0,51.0,296.0
2023-03-29T06:29:09.841506+00:00,26.0,49.0,25.0,99.0
2023-03-29T06:30:09.841506+00:00,46.0,20.0,10.0,215.0
2023-03-29T06:31:09.841506+00:00,82.0,34.0,53.0,102.0
2023-03-29T06:32:09.841506+00:00,47.0,15.0,33.0,153.0
2023-03-29T06:33:09.841506+00:00,29.0,7.0,42.0,193.0
2023-03-29T06:34:09.841506+00:00,36.0,45.0,30.0,163.0
2023-03-29T06:35:09.841506+00:00,78.0,19.0,93.0,223.0
2023-03-29T06:36:09.841506+00:00,69.0,8.0,84.0,299.0
2023-03-29T06:37:09.841506+00:00,85.0,35.0,52.0,153.0
2023-03-29T06:38:09.841506+00:00,16.0,46.0,6.0,104.0
2023-03-29T06:39:09.841506+00:00,51.0,35.0,30.0,213.0
2023-03-29T06:40:09.841506+00:00,90.0,0.0,58.0,198.0
2023-03-29T06:41:09.841506+00:00,11.0,1.0,96.0,96.0
2023-03-29T06:42:09.841506+00:00,66.0,46.0,56.0,101.0
2023-03-29T06:43:09.841506+00:00,6.0,17.0,33.0,267.0
2023-03-29T06:44:09.841506+00:00,84.0,42.0,67.0,215.0
2023-03-29T06:45:09.841506+00:00,23.0,2.0,59.0,176.0
2023-03-29T06:46:09.841506+00:00,89.0,22.0,80.0,262.0
2023-03-29T06:47:09.841506+00:00,67.0,21.0,13.0,224.0
2023-03-29T06:48:09.841506+00:00,17.0,45.0,28.0,194.0
2023-03-29T06:49:09.841506+00:00,26.0,23.0,64.0,285.0
2023-03-29T06:50:09.841506+00:00,84.0,25.0,96.0,229.0
2023-03-29T06:51:09.841506+00:00,48.0,31.0,96.0,16.0
2023-03-29T06:52:09.841506+00:00,59.0,17.0,97.0,209.0
2023-03-29T06:53:09.841506+00:00,80.0,19.0,48.0,233.0
2023-03-29T06:54:09.841506+00:00,84.0,36.0,12.0,222.0
2023-03-29T06:55:09.841506+00:00,70.0,3.0,52.0,257.0
2023-03-29T06:56:09.841506+00:00,23.0,17.0,4.0,265.0
2023-03-29T06:57:09.841506+00:00,39.0,32.0,98.0,60.0
2023-03-29T06:58:09.841506+00:00,7.0,20.0,53.0,219.0
2023-03-29T06:59:09.841506+00:00,22.0,25.0,74.0,42.0
2023-03-29T07:00:09.841506+00:00,11.0,2.0,60.0,36.0
2023-03-29T07:01:09.841506+00:00,94.0,14.0,6.0,26.0
2023-03-29T07:02:09.841506+00:00,77.0,21.0,12.0,107.0
2023-03-29T07:03:09.841506+00:00,34.0,36.0,66.0,210.0
2023-03-29T07:04:09.841506+00:00,56.0,18.0,88.0,104.0
2023-03-29T07:05:09.841506+00:00,97.0,5.0,80.0,112.0
2023-03-29T07:06:09.841506+00:00,25.0,29.0,57.0,256.0
2023-03-29T07:07:09.841506+00:00,27.0,23.0,46.0,199.0
2023-03-29T07:08:09.841506+00:00,57.0,15.0,17.0,46.0
2023-03-29T07:09:09.841506+00:00,29.0,50.0,59.0,207.0
2023-03-29T07:10:09.841506+00:00,63.0,10.0,11.0,280.0
2023-03-29T07:11:09.841506+00:00,67.0,33.0,81.0,129.0
2023-03-29T07:12:09.841506+00:00,95.0,1.0,36.0,204.0
2023-03-29T07:13:09.841506+00:00,91.0,31.0,72.0,123.0
2023-03-29T07:14:09.841506+00:00,65.0,9.0,18.0,294.0
2023-03-29T07:15:09.841506+00:00,75.0,13.0,34.0,47.0
2023-03-29T07:16:09.841506+00:00,80.0,29.0,51.0,221.0
2023-03-29T07:17:09.841506+00:00,53.0,42.0,94.0,272.0
2023-03-29T07:18:09.841506+00:00,21.0,32.0,13.0,49.0
2023-03-29T07:19:09.841506+00:00,51.0,19.0,5.0,144.0
2023-03-29T07:20:09.841506+00:00,82.0,28.0,61.0,154.0
2023-03-29T07:21:09.841506+00:00,16.0,13.0,40.0,65.0
2023-03-29T07:22:09.841506+00:00,57.0,34.0,99.0,142.0
2023-03-29T07:23:09.841506+00:00,98.0,35.0,92.0,10.0
2023-03-29T07:24:09.841506+00:00,6.0,28.0,39.0,2.0
2023-03-29T07:25:09.841506+00:00,77.0,0.0,97.0,20.0
2023-03-29T07:26:09.841506+00:00,71.0,17.0,64.0,192.0
2023-03-29T07:27:09.841506+00:00,98.0,7.0,12.0,189.0
2023-03-29T07:28:09.841506+00:00,99.0,30.0,74.0,31.0
2023-03-29T07:29:09.841506+00:00,91.0,25.0,38.0,10.0
2023-03-29T07:30:09.841506+00:00,87.0,30.0,58.0,188.0
2023-03-29T07:31:09.841506+00:00,23.0,21.0,43.0,204.0
2023-03-29T07:32:09.841506+00:00,29.0,28.0,52.0,185.0
2023-03-29T07:33:09.841506+00:00,86.0,18.0,30.0,75.0
2023-03-29T07:34:09.841506+00:00,75.0,30.0,84.0,9.0
2023-03-29T07:35:09.841506+00:00,70.0,40.0,0.0,18.0
2023-03-29T07:36:09.841506+00:00,75.0,26.0,79.0,119.0
2023-03-29T07:37:09.841506+00:00,19.0,15.0,24.0,186.0
2023-03-29T07:38:09.841506+00:00,76.0,49.0,33.0,211.0
2023-03-29T07:39:09.841506+00:00,92.0,3.0,66.0,150.0
2023-03-29T07:40:09.841506+00:00,21.0,43.0,14.0,118.0
2023-03-29T07:41:09.841506+00:00,66.0,27.0,9.0,175.0
2023-03-29T07:42:09.841506+00:00,77.0,11.0,45.0,187.0
2023-03-29T07:43:09.841506+00:00,49.0,46.0,5.0,12.0
2023-03-29T07:44:09.841506+00:00,79.0,38.0,26.0,186.0
2023-03-29T07:45:09.841506+00:00,49.0,46.0,87.0,166.0
2023-03-29T07:46:09.841506+00:00,55.0,31.0,85.0,224.0
2023-03-29T07:47:09.841506+00:00,71.0,8.0,28.0,269.0
2023-03-29T07:48:09.841506+00:00,94.0,32.0,17.0,229.0
2023-03-29T07:49:09.841506+00:00,59.0,35.0,5.0,53.0
2023-03-29T07:50:09.841506+00:00,98.0,41.0,15.0,161.0
2023-03-29T07:51:09.841506+00:00,32.0,14.0,82.0,286.0
2023-03-29T07:52:09.841506+00:00,74.0,18.0,48.0,150.0
2023-03-29T07:53:09.841506+00:00,38.0,41.0,98.0,73.0
2023-03-29T07:54:09.841506+00:00,66.0,14.0,63.0,236.0
2023-03-29T07:55:09.841506+00:00,16.0,18.0,0.0,50.0
2023-03-29T07:56:09.841506+00:00,17.0,48.0,18.0,194.0
2023-03-29T07:57:09.841506+00:00,14.0,38.0,35.0,50.0
2023-03-29T07:58:09.841506+00:00,26.0,6.0,97.0,76.0
2023-03-29T07:59:09.841506+00:00,66.0,13.0,18.0,163.0
2023-03-29T08:00:09.841506+00:00,39.0,0.0,48.0,271.0
2023-03-29T08:01:09.841506+00:00,99.0,13.0,81.0,159.0
2023-03-29T08:02:09.841506+00:00,55.0,19.0,42.0,145.0
2023-03-29T08:03:09.841506+00:00,37.0,46.0,55.0,146.0
2023-03-29T08:04:09.841506+00:00,48.0,29.0,99.0,128.0
2023-03-29T08:05:09.841506+00:00,63.0,7.0,38.0,22.0
2023-03-29T08:06:09.841506+00:00,82.0,12.0,46.0,191.0
2023-03-29T08:07:09.841506+00:00,50.0,9.0,79.0,221.0
2023-03-29T08:08:09.841506+00:00,28.0,29.0,98.0,18.0
2023-03-29T08:09:09.841506+00:00,70.0,21.0,79.0,45.0
2023-03-29T08:10:09.841506+00:00,70.0,46.0,51.0,185.0
2023-03-29T08:11:09.841506+00:00,91.0,4.0,1.0,293.0
2023-03-29T08:12:09.841506+00:00,64.0,34.0,26.0,213.0
2023-03-29T08:13:09.841506+00:00,29.0,38.0,85.0,0.0
2023-03-29T08:14:09.841506+00:00,27.0,10.0,25.0,16.0
2023-03-29T08:15:09.841506+00:00,0.0,7.0,100.0,201.0
2023-03-29T08:16:09.841506+00:00,31.0,9.0,14.0,19.0
2023-03-29T08:17:09.841506+00:00,13.0,2.0,80.0,175.0
2023-03-29T08:18:09.841506+00:00,77.0,39.0,34.0,13.0
2023-03-29T08:19:09.841506+00:00,36.0,40.0,50.0,252.0
2023-03-29T08:20:09.841506+00:00,32.0,8.0,40.0,14.0
2023-03-29T08:21:09.841506+00:00,48.0,29.0,56.0,140.0
2023-03-29T08:22:09.841506+00:00,57.0,22.0,37.0,114.0
2023-03-29T08:23:09.841506+00:00,26.0,11.0,41.0,224.0
2023-03-29T08:24:09.841506+00:00,88.0,27.0,64.0,268.0
2023-03-29T08:25:09.841506+00:00,67.0,25.0,42.0,62.0
2023-03-29T08:26:09.841506+00:00,65.0,4.0,76.0,238.0
2023-03-29T08:27:09.841506+00:00,67.0,16.0,49.0,39.0
2023-03-29T08:28:09.841506+00:00,100.0,22.0,84.0,75.0
2023-03-29T08:29:09.841506+00:00,35.0,16.0,80.0,103.0
2023-03-29T08:30:09.841506+00:00,84.0,27.0,88.0,299.0
2023-03-29T08:31:09.841506+00:00,89.0,19.0,20.0,164.0
2023-03-29T08:32:09.841506+00:00,31.0,36.0,54.0,59.0
2023-03-29T08:33:09.841506+00:00,30.0,9.0,52.0,140.0
2023-03-29T08:34:09.841506+00:00,47.0,5.0,53.0,110.0
2023-03-29T08:35:09.841506+00:00,31.0,38.0,38.0,107.0
2023-03-29T08:36:09.841506+00:00,69.0,41.0,53.0,270.0
2023-03-29T08:37:09.841506+00:00,70.0,38.0,51.0,10.0
2023-03-29T08:38:09.841506+00:00,86.0,12.0,31.0,182.0
2023-03-29T08:39:09.841506+00:00,45.0,42.0,39.0,249.0
2023-03-29T08:40:09.841506+00:00,31.0,9.0,13.0,119.0
2023-03-29T08:41:09.841506+00:00,80.0,27.0,61.0,252.0
2023-03-29T08:42:09.841506+00:00,35.0,20.0,22.0,125.0
2023-03-29T08:43:09.841506+00:00,3.0,6.0,27.0,114.0
2023-03-29T08:44:09.841506+00:00,23.0,33.0,28.0,242.0
2023-03-29T08:45:09.841506+00:00,74.0,32.0,55.0,45.0
2023-03-29T08:46:09.841506+00:00,2.0,29.0,62.0,265.0
2023-03-29T08:47:09.841506+00:00,51.0,11.0,0.0,148.0
2023-03-29T08:48:09.841506+00:00,17.0,4.0,38.0,287.0
2023-03-29T08:49:09.841506+00:00,98.0,8.0,1.0,20.0
2023-03-29T08:50:09.841506+00:00,38.0,5.0,18.0,295.0
2023-03-29T08:51:09.841506+00:00,36.0,38.0,80.0,249.0
2023-03-29T08:52:09.841506+00:00,12.0,18.0,65.0,20.0
2023-03-29T08:53:09.841506+00:00,43.0,11.0,0.0,157.0
2023-03-29T08:54:09.841506+00:00,7.0,11.0,80.0,132.0
2023-03-29T08:55:09.841506+00:00,6.0,29.0,47.0,78.0
2023-03-29T08:56:09.841506+00:00,61.0,36.0,38.0,213.0
2023-03-29T08:57:09.841506+00:00,67.0,8.0,57.0,290.0
2023-03-29T08:58:09.841506+00:00,16.0,47.0,92.0,126.0
2023-03-29T08:59:09.841506+00:00,31.0,45.0,52.0,190.0
2023-03-29T09:00:09.841506+00:00,24.0,18.0,16.0,180.0
2023-03-29T09:01:09.841506+00:00,29.0,32.0,1.0,10.0
2023-03-29T09:02:09.841506+00:00,66.0,27.0,39.0,287.0
2023-03-29T09:03:09.841506+00:00,1.0,13.0,47.0,256.0
2023-03-29T09:04:09.841506+00:00,68.0,25.0,11.0,228.0
2023-03-29T09:05:09.841506+00:00,55.0,27.0,45.0,291.0
2023-03-29T09:06:09.841506+00:00,57.0,33.0,20.0,167.0
2023-03-29T09:07:09.841506+00:00,90.0,29.0,37.0,101.0
2023-03-29T09:08:09.841506+00:00,73.0,47.0,54.0,24.0
2023-03-29T09:09:09.841506+00:00,83.0,39.0,46.0,288.0
2023-03-29T09:10:09.841506+00:00,2.0,9.0,59.0,207.0
2023-03-29T09:11:09.841506+00:00,57.0,42.0,82.0,150.0
2023-03-29T09:12:09.841506+00:00,79.0,2.0,95.0,52.0
2023-03-29T09:13:09.841506+00:00,75.0,16.0,61.0,30.0
2023-03-29T09:14:09.841506+00:00,23.0,22.0,33.0,192.0
2023-03-29T09:15:09.841506+00:00,16.0,40.0,31.0,88.0
2023-03-29T09:16:09.841506+00:00,88.0,34.0,90.0,64.0
2023-03-29T09:17:09.841506+00:00,82.0,35.0,43.0,12.0
2023-03-29T09:18:09.841506+00:00,66.0,30.0,49.0,235.0
2023-03-29T09:19:09.841506+00:00,96.0,41.0,72.0,203.0
2023-03-29T09:20:09.841506+00:00,14.0,17.0,19.0,85.0
2023-03-29T09:21:09.841506+00:00,72.0,3.0,47.0,173.0
2023-03-29T09:22:09.841506+00:00,22.0,10.0,59.0,106.0
2023-03-29T09:23:09.841506+00:00,29.0,11.0,86.0,5.0
2023-03-29T09:24:09.841506+00:00,2.0,21.0,88.0,276.0
2023-03-29T09:25:09.841506+00:00,25.0,9.0,95.0,264.0
2023-03-29T09:26:09.841506+00:00,59.0,38.0,19.0,41.0
2023-03-29T09:27:09.841506+00:00,46.0,49.0,54.0,52.0
2023-03-29T09:28:09.841506+00:00,21.0,43.0,92.0,243.0
2023-03-29T09:29:09.841506+00:00,34.0,7.0,56.0,89.0
2023-03-29T09:30:09.841506+00:00,31.0,37.0,17.0,257.0
2023-03-29T09:31:09.841506+00:00,15.0,28.0,80.0,69.0
2023-03-29T09:32:09.841506+00:00,40.0,8.0,3.0,153.0
2023-03-29T09:33:09.841506+00:00,70.0,43.0,46.0,59.0
2023-03-29T09:34:09.841506+00:00,0.0,9.0,98.0,88.0
2023-03-29T09:35:09.841506+00:00,94.0,15.0,73.0,209.0
2023-03-29T09:36:09.841506+00:00,54.0,46.0,76.0,187.0
2023-03-29T09:37:09.841506+00:00,46.0,35.0,64.0,87.0
2023-03-29T09:38:09.841506+00:00,80.0,14.0,94.0,25.0
2023-03-29T09:39:09.841506+00:00,23.0,50.0,64.0,143.0
2023-03-29T09:40:09.841506+00:00,45.0,14.0,5.0,95.0
2023-03-29T09:41:09.841506+00:00,65.0,16.0,7.0,285.0
2023-03-29T09:42:09.841506+00:00,24.0,18.0,1.0,299.0
2023-03-29T09:43:09.841506+00:00,7.0,40.0,6.0,257.0
2023-03-29T09:44:09.841506+00:00,98.0,30.0,15.0,127.0
2023-03-29T09:45:09.841506+00:00,18.0,49.0,22.0,71.0
2023-03-29T09:46:09.841506+00:00,57.0,22.0,9.0,293.0
2023-03-29T09:47:09.841506+00:00,35.0,5.0,16.0,204.0
2023-03-29T09:48:09.841506+00:00,52.0,13.0,66.0,146.0
2023-03-29T09:49:09.841506+00:00,49.0,6.0,86.0,148.0
2023-03-29T09:50:09.841506+00:00,28.0,28.0,76.0,98.0
2023-03-29T09:51:09.841506+00:00,65.0,10.0,39.0,174.0
2023-03-29T09:52:09.841506+00:00,90.0,37.0,32.0,73.0
2023-03-29T09:53:09.841506+00:00,2.0,36.0,99.0,109.0
2023-03-29T09:54:09.841506+00:00,54.0,39.0,29.0,133.0
2023-03-29T09:55:09.841506+00:00,71.0,16.0,91.0,49.0
2023-03-29T09:56:09.841506+00:00,11.0,18.0,22.0,269.0
2023-03-29T09:57:09.841506+00:00,88.0,11.0,1.0,294.0
2023-03-29T09:58:09.841506+00:00,99.0,24.0,87.0,274.0
2023-03-29T09:59:09.841506+00:00,34.0,28.0,95.0,97.0
2023-03-29T10:00:09.841506+00:00,0.0,48.0,15.0,119.0
2023-03-29T10:01:09.841506+00:00,54.0,8.0,15.0,69.0
2023-03-29T10:02:09.841506+00:00,61.0,27.0,83.0,273.0
2023-03-29T10:03:09.841506+00:00,48.0,48.0,51.0,274.0
2023-03-29T10:04:09.841506+00:00,62.0,10.0,14.0,73.0
2023-03-29T10:05:09.841506+00:00,97.0,24.0,86.0,73.0
2023-03-29T10:06:09.841506+00:00,78.0,1.0,52.0,259.0
2023-03-29T10:07:09.841506+00:00,0.0,23.0,70.0,258.0
2023-03-29T10:08:09.841506+00:00,11.0,42.0,44.0,72.0
2023-03-29T10:09:09.841506+00:00,1.0,37.0,23.0,182.0
2023-03-29T10:10:09.841506+00:00,71.0,48.0,71.0,200.0
2023-03-29T10:11:09.841506+00:00,4.0,26.0,54.0,202.0
2023-03-29T10:12:09.841506+00:00,59.0,20.0,1.0,61.0
2023-03-29T10:13:09.841506+00:00,67.0,42.0,53.0,44.0
2023-03-29T10:14:09.841506+00:00,44.0,1.0,20.0,223.0
2023-03-29T10:15:09.841506+00:00,43.0,22.0,58.0,225.0
2023-03-29T10:16:09.841506+00:00,20.0,37.0,94.0,125.0
2023-03-29T10:17:09.841506+00:00,52.0,23.0,62.0,84.0
2023-03-29T10:18:09.841506+00:00,20.0,16.0,67.0,88.0
2023-03-29T10:19:09.841506+00:00,8.0,43.0,74.0,285.0
2023-03-29T10:20:09.841506+00:00,14.0,9.0,23.0,124.0
2023-03-29T10:21:09.841506+00:00,59.0,39.0,86.0,22.0
2023-03-29T10:22:09.841506+00:00,15.0,6.0,20.0,33.0
2023-03-29T10:23:09.841506+00:00,44.0,9.0,21.0,192.0
2023-03-29T10:24:09.841506+00:00,5.0,4.0,95.0,80.0
2023-03-29T10:25:09.841506+00:00,57.0,19.0,37.0,295.0
2023-03-29T10:26:09.841506+00:00,74.0,23.0,26.0,110.0
2023-03-29T10:27:09.841506+00:00,19.0,41.0,30.0,286.0
2023-03-29T10:28:09.841506+00:00,25.0,20.0,33.0,300.0
2023-03-29T10:29:09.841506+00:00,8.0,23.0,10.0,101.0
2023-03-29T10:30:09.841506+00:00,19.0,39.0,65.0,263.0
2023-03-29T10:31:09.841506+00:00,65.0,48.0,39.0,24.0
2023-03-29T10:32:09.841506+00:00,35.0,46.0,14.0,292.0
2023-03-29T10:33:09.841506+00:00,71.0,42.0,44.0,57.0
2023-03-29T10:34:09.841506+00:00,90.0,14.0,2.0,281.0
2023-03-29T10:35:09.841506+00:00,61.0,18.0,48.0,166.0
2023-03-29T10:36:09.841506+00:00,71.0,39.0,100.0,105.0
2023-03-29T10:37:09.841506+00:00,100.0,16.0,80.0,291.0
2023-03-29T10:38:09.841506+00:00,42.0,5.0,9.0,294.0
2023-03-29T10:39:09.841506+00:00,12.0,13.0,65.0,61.0
2023-03-29T10:40:09.841506+00:00,10.0,37.0,85.0,274.0
2023-03-29T10:41:09.841506+00:00,86.0,42.0,13.0,281.0
2023-03-29T10:42:09.841506+00:00,82.0,35.0,74.0,148.0
2023-03-29T10:43:09.841506+00:00,83.0,1.0,27.0,293.0
2023-03-29T10:44:09.841506+00:00,98.0,48.0,36.0,56.0
2023-03-29T10:45:09.841506+00:00,84.0,21.0,70.0,46.0
2023-03-29T10:46:09.841506+00:00,3.0,49.0,21.0,271.0
2023-03-29T10:47:09.841506+00:00,70.0,30.0,38.0,219.0
2023-03-29T10:48:09.841506+00:00,59.0,45.0,82.0,286.0
2023-03-29T10:49:09.841506+00:00,43.0,17.0,13.0,193.0
2023-03-29T10:50:09.841506+00:00,20.0,40.0,7.0,58.0
2023-03-29T10:51:09.841506+00:00,29.0,25.0,94.0,225.0
2023-03-29T10:52:09.841506+00:00,32.0,31.0,1.0,235.0
2023-03-29T10:53:09.841506+00:00,40.0,24.0,23.0,147.0
2023-03-29T10:54:09.841506+00:00,48.0,15.0,71.0,186.0
2023-03-29T10:55:09.841506+00:00,74.0,3.0,68.0,39.0
2023-03-29T10:56:09.841506+00:00,98.0,45.0,99.0,129.0
2023-03-29T10:57:09.841506+00:00,3.0,44.0,33.0,76.0
2023-03-29T10:58:09.841506+00:00,80.0,5.0,77.0,223.0
2023-03-29T10:59:09.841506+00:00,54.0,34.0,98.0,90.0
2023-03-29T11:00:09.841506+00:00,14.0,49.0,71.0,171.0
2023-03-29T11:01:09.841506+00:00,14.0,13.0,28.0,205.0
2023-03-29T11:02:09.841506+00:00,41.0,39.0,84.0,198.0
2023-03-29T11:03:09.841506+00:00,88.0,23.0,43.0,291.0
2023-03-29T11:04:09.841506+00:00,27.0,10.0,41.0,98.0
2023-03-29T11:05:09.841506+00:00,99.0,31.0,27.0,271.0
2023-03-29T11:06:09.841506+00:00,14.0,21.0,74.0,193.0
2023-03-29T11:07:09.841506+00:00,97.0,3.0,50.0,129.0
2023-03-29T11:08:09.841506+00:00,100.0,46.0,61.0,255.0
2023-03-29T11:09:09.841506+00:00,92.0,10.0,100.0,274.0
2023-03-29T11:10:09.841506+00:00,85.0,37.0,32.0,189.0
2023-03-29T11:11:09.841506+00:00,71.0,0.0,55.0,157.0
2023-03-29T11:12:09.841506+00:00,47.0,3.0,99.0,105.0
2023-03-29T11:13:09.841506+00:00,69.0,0.0,73.0,192.0
2023-03-29T11:14:09.841506+00:00,40.0,20.0,78.0,100.0
2023-03-29T11:15:09.841506+00:00,1.0,23.0,95.0,237.0
2023-03-29T11:16:09.841506+00:00,35.0,18.0,52.0,24.0
2023-03-29T11:17:09.841506+00:00,32.0,8.0,97.0,119.0
2023-03-29T11:18:09.841506+00:00,51.0,28.0,39.0,33.0
2023-03-29T11:19:09.841506+00:00,74.0,46.0,95.0,195.0
2023-03-29T11:20:09.841506+00:00,64.0,47.0,88.0,14.0
2023-03-29T11:21:09.841506+00:00,5.0,19.0,62.0,124.0
2023-03-29T11:22:09.841506+00:00,0.0,14.0,65.0,5.0
2023-03-29T11:23:09.841506+00:00,41.0,29.0,20.0,130.0
2023-03-29T11:24:09.841506+00:00,55.0,49.0,39.0,252.0
2023-03-29T11:25:09.841506+00:00,54.0,49.0,31.0,112.0
2023-03-29T11:26:09.841506+00:00,1.0,35.0,45.0,232.0
2023-03-29T11:27:09.841506+00:00,37.0,22.0,63.0,278.0
2023-03-29T11:28:09.841506+00:00,23.0,50.0,79.0,194.0
2023-03-29T11:29:09.841506+00:00,100.0,19.0,53.0,37.0
2023-03-29T11:30:09.841506+00:00,93.0,33.0,69.0,137.0
2023-03-29T11:31:09.841506+00:00,32.0,39.0,25.0,246.0
2023-03-29T11:32:09.841506+00:00,36.0,20.0,39.0,226.0
2023-03-29T11:33:09.841506+00:00,39.0,40.0,15.0,138.0
2023-03-29T11:34:09.841506+00:00,12.0,18.0,86.0,217.0
2023-03-29T11:35:09.841506+00:00,66.0,47.0,79.0,38.0
2023-03-29T11:36:09.841506+00:00,96.0,33.0,76.0,300.0
2023-03-29T11:37:09.841506+00:00,51.0,17.0,50.0,241.0
2023-03-29T11:38:09.841506+00:00,39.0,13.0,20.0,130.0
2023-03-29T11:39:09.841506+00:00,19.0,31.0,8.0,5.0
2023-03-29T11:40:09.841506+00:00,69.0,1.0,71.0,246.0
2023-03-29T11:41:09.841506+00:00,81.0,40.0,58.0,87.0
2023-03-29T11:42:09.841506+00:00,80.0,17.0,89.0,9.0
2023-03-29T11:43:09.841506+00:00,60.0,48.0,62.0,293.0
2023-03-29T11:44:09.841506+00:00,49.0,16.0,46.0,103.0
2023-03-29T11:45:09.841506+00:00,56.0,38.0,69.0,213.0
2023-03-29T11:46:09.841506+00:00,93.0,2.0,74.0,245.0
2023-03-29T11:47:09.841506+00:00,68.0,20.0,5.0,262.0
2023-03-29T11:48:09.841506+00:00,90.0,6.0,1.0,280.0
2023-03-29T11:49:09.841506+00:00,75.0,49.0,33.0,129.0
2023-03-29T11:50:09.841506+00:00,32.0,18.0,46.0,249.0
2023-03-29T11:51:09.841506+00:00,63.0,1.0,37.0,198.0
2023-03-29T11:52:09.841506+00:00,79.0,41.0,97.0,273.0
2023-03-29T11:53:09.841506+00:00,59.0,1.0,85.0,250.0
2023-03-29T11:54:09.841506+00:00,85.0,44.0,40.0,280.0
2023-03-29T11:55:09.841506+00:00,54.0,26.0,77.0,288.0
2023-03-29T11:56:09.841506+00:00,91.0,1.0,33.0,128.0
2023-03-29T11:57:09.841506+00:00,21.0,21.0,79.0,96.0
2023-03-29T11:58:09.841506+00:00,36.0,24.0,76.0,47.0
2023-03-29T11:59:09.841506+00:00,47.0,47.0,56.0,293.0
2023-03-29T12:00:09.841506+00:00,84.0,12.0,43.0,221.0
2023-03-29T12:01:09.841506+00:00,97.0,7.0,7.0,275.0
2023-03-29T12:02:09.841506+00:00,65.0,10.0,72.0,176.0
2023-03-29T12:03:09.841506+00:00,15.0,31.0,86.0,153.0
2023-03-29T12:04:09.841506+00:00,92.0,13.0,29.0,81.0
2023-03-29T12:05:09.841506+00:00,88.0,49.0,21.0,176.0
2023-03-29T12:06:09.841506+00:00,2.0,48.0,3.0,2.0
2023-03-29T12:07:09.841506+00:00,36.0,23.0,99.0,158.0
2023-03-29T12:08:09.841506+00:00,41.0,45.0,0.0,145.0
2023-03-29T12:09:09.841506+00:00,67.0,24.0,22.0,52.0
2023-03-29T12:10:09.841506+00:00,7.0,1.0,6.0,151.0
2023-03-29T12:11:09.841506+00:00,59.0,40.0,61.0,243.0
2023-03-29T12:12:09.841506+00:00,6.0,36.0,41.0,273.0
2023-03-29T12:13:09.841506+00:00,56.0,20.0,72.0,248.0
2023-03-29T12:14:09.841506+00:00,73.0,4.0,75.0,216.0
2023-03-29T12:15:09.841506+00:00,19.0,4.0,8.0,174.0
2023-03-29T12:16:09.841506+00:00,75.0,31.0,79.0,102.0
2023-03-29T12:17:09.841506+00:00,86.0,23.0,8.0,147.0
2023-03-29T12:18:09.841506+00:00,77.0,40.0,71.0,207.0
2023-03-29T12:19:09.841506+00:00,9.0,31.0,25.0,70.0
2023-03-29T12:20:09.841506+00:00,33.0,14.0,21.0,202.0
2023-03-29T12:21:09.841506+00:00,43.0,36.0,10.0,70.0
2023-03-29T12:22:09.841506+00:00,62.0,16.0,17.0,135.0
2023-03-29T12:23:09.841506+00:00,87.0,17.0,81.0,290.0
2023-03-29T12:24:09.841506+00:00,66.0,1.0,79.0,45.0
2023-03-29T12:25:09.841506+00:00,91.0,25.0,92.0,1.0
2023-03-29T12:26:09.841506+00:00,95.0,13.0,2.0,32.0
2023-03-29T12:27:09.841506+00:00,89.0,15.0,86.0,67.0
2023-03-29T12:28:09.841506+00:00,6.0,5.0,84.0,152.0
2023-03-29T12:29:09.841506+00:00,91.0,49.0,61.0,42.0
2023-03-29T12:30:09.841506+00:00,68.0,32.0,14.0,160.0
2023-03-29T12:31:09.841506+00:00,30.0,28.0,12.0,211.0
2023-03-29T12:32:09.841506+00:00,46.0,26.0,38.0,23.0
2023-03-29T12:33:09.841506+00:00,49.0,29.0,47.0,46.0
2023-03-29T12:34:09.841506+00:00,4.0,43.0,97.0,136.0
2023-03-29T12:35:09.841506+00:00,52.0,28.0,7.0,179.0
2023-03-29T12:36:09.841506+00:00,17.0,38.0,49.0,15.0
2023-03-29T12:37:09.841506+00:00,60.0,0.0,67.0,60.0
2023-03-29T12:38:09.841506+00:00,18.0,9.0,39.0,87.0
2023-03-29T12:39:09.841506+00:00,0.0,34.0,34.0,84.0
2023-03-29T12:40:09.841506+00:00,4.0,1.0,89.0,232.0
2023-03-29T12:41:09.841506+00:00,14.0,3.0,2.0,115.0
2023-03-29T12:42:09.841506+00:00,55.0,43.0,98.0,199.0
2023-03-29T12:43:09.841506+00:00,47.0,37.0,27.0,60.0
2023-03-29T12:44:09.841506+00:00,77.0,19.0,96.0,282.0
2023-03-29T12:45:09.841506+00:00,53.0,23.0,79.0,173.0
2023-03-29T12:46:09.841506+00:00,18.0,18.0,16.0,6.0
2023-03-29T12:47:09.841506+00:00,10.0,22.0,40.0,47.0
2023-03-29T12:48:09.841506+00:00,7.0,11.0,87.0,141.0
2023-03-29T12:49:09.841506+00:00,31.0,45.0,26.0,54.0
2023-03-29T12:50:09.841506+00:00,70.0,49.0,27.0,143.0
2023-03-29T12:51:09.841506+00:00,79.0,0.0,89.0,18.0
2023-03-29T12:52:09.841506+00:00,25.0,37.0,96.0,40.0
2023-03-29T12:53:09.841506+00:00,25.0,33.0,4.0,148.0
2023-03-29T12:54:09.841506+00:00,42.0,47.0,61.0,216.0
2023-03-29T12:55:09.841506+00:00,98.0,12.0,47.0,210.0
2023-03-29T12:56:09.841506+00:00,26.0,44.0,77.0,206.0
2023-03-29T12:57:09.841506+00:00,38.0,31.0,26.0,170.0
2023-03-29T12:58:09.841506+00:00,61.0,42.0,66.0,38.0
2023-03-29T12:59:09.841506+00:00,50.0,34.0,0.0,247.0
2023-03-29T13:00:09.841506+00:00,94.0,9.0,16.0,96.0
2023-03-29T13:01:09.841506+00:00,50.0,37.0,26.0,11.0
2023-03-29T13:02:09.841506+00:00,12.0,38.0,34.0,166.0
2023-03-29T13:03:09.841506+00:00,84.0,18.0,38.0,12.0
2023-03-29T13:04:09.841506+00:00,89.0,23.0,39.0,151.0
2023-03-29T13:05:09.841506+00:00,59.0,48.0,2.0,26.0
2023-03-29T13:06:09.841506+00:00,88.0,42.0,29.0,287.0
2023-03-29T13:07:09.841506+00:00,76.0,27.0,42.0,35.0
2023-03-29T13:08:09.841506+00:00,34.0,28.0,84.0,47.0
2023-03-29T13:09:09.841506+00:00,15.0,30.0,6.0,19.0
2023-03-29T13:10:09.841506+00:00,0.0,26.0,22.0,51.0
2023-03-29T13:11:09.841506+00:00,27.0,16.0,31.0,267.0
2023-03-29T13:12:09.841506+00:00,68.0,43.0,81.0,188.0
2023-03-29T13:13:09.841506+00:00,83.0,13.0,94.0,246.0
2023-03-29T13:14:09.841506+00:00,21.0,17.0,52.0,38.0
2023-03-29T13:15:09.841506+00:00,91.0,6.0,25.0,115.0
2023-03-29T13:16:09.841506+00:00,55.0,36.0,68.0,66.0
2023-03-29T13:17:09.841506+00:00,45.0,14.0,21.0,217.0
2023-03-29T13:18:09.841506+00:00,30.0,26.0,36.0,162.0
2023-03-29T13:19:09.841506+00:00,89.0,10.0,97.0,276.0
2023-03-29T13:20:09.841506+00:00,67.0,24.0,94.0,60.0
2023-03-29T13:21:09.841506+00:00,72.0,9.0,92.0,145.0
2023-03-29T13:22:09.841506+00:00,43.0,26.0,95.0,266.0
2023-03-29T13:23:09.841506+00:00,78.0,44.0,94.0,91.0
2023-03-29T13:24:09.841506+00:00,12.0,1.0,55.0,65.0
2023-03-29T13:25:09.841506+00:00,64.0,9.0,44.0,29.0
2023-03-29T13:26:09.841506+00:00,84.0,39.0,14.0,15.0
2023-03-29T13:27:09.841506+00:00,96.0,26.0,52.0,8.0
2023-03-29T13:28:09.841506+00:00,72.0,22.0,76.0,208.0
2023-03-29T13:29:09.841506+00:00,63.0,33.0,21.0,76.0
2023-03-29T13:30:09.841506+00:00,71.0,37.0,39.0,160.0
2023-03-29T13:31:09.841506+00:00,53.0,11.0,61.0,119.0
2023-03-29T13:32:09.841506+00:00,52.0,42.0,80.0,209.0
2023-03-29T13:33:09.841506+00:00,78.0,24.0,40.0,249.0
2023-03-29T13:34:09.841506+00:00,73.0,19.0,31.0,197.0
2023-03-29T13:35:09.841506+00:00,24.0,21.0,18.0,176.0
2023-03-29T13:36:09.841506+00:00,28.0,4.0,24.0,67.0
2023-03-29T13:37:09.841506+00:00,42.0,46.0,87.0,117.0
2023-03-29T13:38:09.841506+00:00,15.0,2.0,57.0,256.0
2023-03-29T13:39:09.841506+00:00,32.0,21.0,74.0,55.0
2023-03-29T13:40:09.841506+00:00,46.0,20.0,10.0,27.0
2023-03-29T13:41:09.841506+00:00,78.0,39.0,33.0,209.0
2023-03-29T13:42:09.841506+00:00,61.0,42.0,67.0,289.0
2023-03-29T13:43:09.841506+00:00,52.0,42.0,96.0,105.0
2023-03-29T13:44:09.841506+00:00,8.0,15.0,52.0,260.0
2023-03-29T13:45:09.841506+00:00,28.0,27.0,60.0,198.0
