time,battery,temperature,humidity,moisture
2023-04-02T12:12:34.558299+00:00,25.0,11.0,24.0,12.0
2023-04-02T12:13:34.558299+00:00,86.0,45.0,87.0,152.0
2023-04-02T12:14:34.558299+00:00,72.0,9.0,65.0,285.0
2023-04-02T12:15:34.558299+00:00,88.0,13.0,6.0,218.0
2023-04-02T12:16:34.558299+00:00,66.0,46.0,78.0,58.0
2023-04-02T12:17:34.558299+00:00,57.0,30.0,30.0,8.0
2023-04-02T12:18:34.558299+00:00,91.0,1.0,31.0,145.0
2023-04-02T12:19:34.558299+00:00,97.0,42.0,75.0,91.0
2023-04-02T12:20:34.558299+00:00,90.0,33.0,78.0,263.0
2023-04-02T12:21:34.558299+00:00,79.0,19.0,87.0,139.0
2023-04-02T12:22:34.558299+00:00,37.0,11.0,58.0,208.0
2023-04-02T12:23:34.558299+00:00,89.0,14.0,78.0,127.0
2023-04-02T12:24:34.558299+00:00,93.0,21.0,17.0,242.0
2023-04-02T12:25:34.558299+00:00,15.0,46.0,9.0,67.0
2023-04-02T12:26:34.558299+00:00,39.0,44.0,23.0,126.0
2023-04-02T12:27:34.558299+00:00,74.0,23.0,97.0,101.0
2023-04-02T12:28:34.558299+00:00,4.0,37.0,6.0,45.0
2023-04-02T12:29:34.558299+00:00,0.0,37.0,53.0,202.0
2023-04-02T12:30:34.558299+00:00,4.0,34.0,85.0,97.0
2023-04-02T12:31:34.558299+00:00,73.0,14.0,64.0,17.0
2023-04-02T12:32:34.558299+00:00,90.0,7.0,40.0,36.0
2023-04-02T12:33:34.558299+00:00,7.0,44.0,57.0,59.0
2023-04-02T12:34:34.558299+00:00,43.0,42.0,0.0,169.0
2023-04-02T12:35:34.558299+00:00,60.0,18.0,100.0,104.0
2023-04-02T12:36:34.558299+00:00,46.0,17.0,73.0,211.0
2023-04-02T12:37:34.558299+00:00,82.0,2.0,0.0,226.0
2023-04-02T12:38:34.558299+00:00,29.0,35.0,21.0,274.0
2023-04-02T12:39:34.558299+00:00,94.0,29.0,8.0,183.0
2023-04-02T12:40:34.558299+00:00,23.0,47.0,76.0,2.0
2023-04-02T12:41:34.558299+00:00,36.0,20.0,14.0,98.0
2023-04-02T12:42:34.558299+00:00,97.0,2.0,34.0,12.0
2023-04-02T12:43:34.558299+00:00,46.0,13.0,32.0,261.0
2023-04-02T12:44:34.558299+00:00,68.0,26.0,63.0,287.0
2023-04-02T12:45:34.558299+00:00,52.0,46.0,30.0,272.0
2023-04-02T12:46:34.558299+00:00,61.0,34.0,26.0,29.0
2023-04-02T12:47:34.558299+00:00,100.0,44.0,36.0,61.0
2023-04-02T12:48:34.558299+00:00,37.0,25.0,75.0,279.0
2023-04-02T12:49:34.558299+00:00,69.0,23.0,21.0,143.0
2023-04-02T12:50:34.558299+00:00,5.0,47.0,66.0,202.0
2023-04-02T12:51:34.558299+00:00,52.0,46.0,35.0,31.0
2023-04-02T12:52:34.558299+00:00,92.0,28.0,94.0,61.0
2023-04-02T12:53:34.558299+00:00,63.0,42.0,7.0,110.0
2023-04-02T12:54:34.558299+00:00,58.0,11.0,55.0,193.0
2023-04-02T12:55:34.558299+00:00,80.0,22.0,54.0,202.0
2023-04-02T12:56:34.558299+00:00,97.0,7.0,82.0,160.0
2023-04-02T12:57:34.558299+00:00,71.0,1.0,75.0,99.0
2023-04-02T12:58:34.558299+00:00,54.0,13.0,92.0,259.0
2023-04-02T12:59:34.558299+00:00,58.0,43.0,59.0,183.0
2023-04-02T13:00:34.558299+00:00,24.0,14.0,0.0,214.0
2023-04-02T13:01:34.558299+00:00,25.0,32.0,44.0,16.0
2023-04-02T13:02:34.558299+00:00,18.0,0.0,63.0,250.0
2023-04-02T13:03:34.558299+00:00,16.0,30.0,11.0,259.0
2023-04-02T13:04:34.558299+00:00,31.0,39.0,7.0,295.0
2023-04-02T13:05:34.558299+00:00,40.0,9.0,59.0,201.0
2023-04-02T13:06:34.558299+00:00,100.0,43.0,55.0,103.0
2023-04-02T13:07:34.558299+00:00,18.0,14.0,1.0,198.0
2023-04-02T13:08:34.558299+00:00,34.0,35.0,9.0,50.0
2023-04-02T13:09:34.558299+00:00,88.0,48.0,84.0,17.0
2023-04-02T13:10:34.558299+00:00,35.0,35.0,79.0,214.0
2023-04-02T13:11:34.558299+00:00,45.0,10.0,56.0,258.0
2023-04-02T13:12:34.558299+00:00,11.0,30.0,80.0,126.0
2023-04-02T13:13:34.558299+00:00,31.0,42.0,8.0,48.0
2023-04-02T13:14:34.558299+00:00,15.0,7.0,90.0,224.0
2023-04-02T13:15:34.558299+00:00,45.0,21.0,72.0,186.0
2023-04-02T13:16:34.558299+00:00,30.0,2.0,4.0,288.0
2023-04-02T13:17:34.558299+00:00,8.0,19.0,73.0,171.0
2023-04-02T13:18:34.558299+00:00,82.0,49.0,86.0,179.0
2023-04-02T13:19:34.558299+00:00,93.0,34.0,36.0,136.0
2023-04-02T13:20:34.558299+00:00,82.0,7.0,83.0,31.0
2023-04-02T13:21:34.558299+00:00,49.0,27.0,21.0,159.0
2023-04-02T13:22:34.558299+00:00,58.0,9.0,16.0,142.0
2023-04-02T13:23:34.558299+00:00,83.0,42.0,16.0,58.0
2023-04-02T13:24:34.558299+00:00,3.0,38.0,77.0,7.0
2023-04-02T13:25:34.558299+00:00,15.0,47.0,43.0,300.0
2023-04-02T13:26:34.558299+00:00,24.0,11.0,64.0,144.0
2023-04-02T13:27:34.558299+00:00,88.0,46.0,72.0,36.0
2023-04-02T13:28:34.558299+00:00,25.0,39.0,69.0,204.0
2023-04-02T13:29:34.558299+00:00,75.0,28.0,55.0,56.0
2023-04-02T13:30:34.558299+00:00,48.0,15.0,3.0,257.0
2023-04-02T13:31:34.558299+00:00,57.0,6.0,50.0,280.0
2023-04-02T13:32:34.558299+00:00,9.0,4.0,35.0,262.0
2023-04-02T13:33:34.558299+00:00,27.0,23.0,63.0,114.0
2023-04-02T13:34:34.558299+00:00,11.0,15.0,3.0,171.0
2023-04-02T13:35:34.558299+00:00,43.0,8.0,49.0,276.0
2023-04-02T13:36:34.558299+00:00,57.0,2.0,31.0,136.0
2023-04-02T13:37:34.558299+00:00,7.0,0.0,77.0,179.0
2023-04-02T13:38:34.558299+00:00,40.0,35.0,81.0,296.0
2023-04-02T13:39:34.558299+00:00,97.0,30.0,95.0,14.0
2023-04-02T13:40:34.558299+00:00,68.0,34.0,56.0,55.0
2023-04-02T13:41:34.558299+00:00,84.0,44.0,98.0,153.0
2023-04-02T13:42:34.558299+00:00,61.0,15.0,53.0,92.0
2023-04-02T13:43:34.558299+00:00,66.0,21.0,98.0,216.0
2023-04-02T13:44:34.558299+00:00,0.0,38.0,94.0,235.0
2023-04-02T13:45:34.558299+00:00,81.0,30.0,36.0,119.0
2023-04-02T13:46:34.558299+00:00,52.0,44.0,19.0,112.0
2023-04-02T13:47:34.558299+00:00,61.0,25.0,69.0,197.0
2023-04-02T13:48:34.558299+00:00,78.0,46.0,18.0,161.0
2023-04-02T13:49:34.558299+00:00,32.0,38.0,94.0,78.0
2023-04-02T13:50:34.558299+00:00,6.0,12.0,14.0,68.0
2023-04-02T13:51:34.558299+00:00,94.0,21.0,81.0,158.0
2023-04-02T13:52:34.558299+00:00,87.0,16.0,52.0,293.0
2023-04-02T13:53:34.558299+00:00,42.0,6.0,60.0,224.0
2023-04-02T13:54:34.558299+00:00,4.0,11.0,16.0,187.0
2023-04-02T13:55:34.558299+00:00,51.0,11.0,82.0,287.0
2023-04-02T13:56:34.558299+00:00,43.0,42.0,66.0,202.0
2023-04-02T13:57:34.558299+00:00,48.0,21.0,12.0,181.0
2023-04-02T13:58:34.558299+00:00,15.0,28.0,86.0,143.0
2023-04-02T13:59:34.558299+00:00,21.0,26.0,76.0,283.0
2023-04-02T14:00:34.558299+00:00,95.0,47.0,78.0,7.0
2023-04-02T14:01:34.558299+00:00,13.0,43.0,75.0,271.0
2023-04-02T14:02:34.558299+00:00,74.0,18.0,18.0,5.0
2023-04-02T14:03:34.558299+00:00,92.0,37.0,100.0,194.0
2023-04-02T14:04:34.558299+00:00,83.0,17.0,16.0,60.0
2023-04-02T14:05:34.558299+00:00,8.0,6.0,47.0,160.0
2023-04-02T14:06:34.558299+00:00,11.0,6.0,32.0,10.0
2023-04-02T14:07:34.558299+00:00,99.0,8.0,58.0,150.0
2023-04-02T14:08:34.558299+00:00,48.0,46.0,24.0,269.0
2023-04-02T14:09:34.558299+00:00,93.0,1.0,89.0,209.0
2023-04-02T14:10:34.558299+00:00,22.0,28.0,40.0,285.0
2023-04-02T14:11:34.558299+00:00,89.0,31.0,40.0,241.0
2023-04-02T14:12:34.558299+00:00,22.0,25.0,0.0,275.0
2023-04-02T14:13:34.558299+00:00,36.0,23.0,78.0,149.0
2023-04-02T14:14:34.558299+00:00,64.0,25.0,99.0,67.0
2023-04-02T14:15:34.558299+00:00,3.0,1.0,34.0,103.0
2023-04-02T14:16:34.558299+00:00,25.0,4.0,6.0,211.0
2023-04-02T14:17:34.558299+00:00,31.0,7.0,49.0,63.0
2023-04-02T14:18:34.558299+00:00,70.0,13.0,41.0,221.0
2023-04-02T14:19:34.558299+00:00,28.0,38.0,10.0,211.0
2023-04-02T14:20:34.558299+00:00,73.0,34.0,47.0,279.0
2023-04-02T14:21:34.558299+00:00,6.0,11.0,55.0,126.0
2023-04-02T14:22:34.558299+00:00,25.0,37.0,97.0,249.0
2023-04-02T14:23:34.558299+00:00,44.0,33.0,32.0,17.0
2023-04-02T14:24:34.558299+00:00,50.0,7.0,79.0,215.0
2023-04-02T14:25:34.558299+00:00,73.0,29.0,72.0,16.0
2023-04-02T14:26:34.558299+00:00,57.0,44.0,47.0,35.0
2023-04-02T14:27:34.558299+00:00,67.0,31.0,0.0,26.0
2023-04-02T14:28:34.558299+00:00,59.0,50.0,46.0,151.0
2023-04-02T14:29:34.558299+00:00,5.0,34.0,22.0,228.0
2023-04-02T14:30:34.558299+00:00,42.0,17.0,85.0,5.0
2023-04-02T14:31:34.558299+00:00,22.0,23.0,73.0,59.0
2023-04-02T14:32:34.558299+00:00,14.0,48.0,100.0,66.0
2023-04-02T14:33:34.558299+00:00,50.0,27.0,16.0,105.0
2023-04-02T14:34:34.558299+00:00,5.0,34.0,78.0,101.0
2023-04-02T14:35:34.558299+00:00,13.0,39.0,89.0,246.0
2023-04-02T14:36:34.558299+00:00,58.0,21.0,49.0,199.0
2023-04-02T14:37:34.558299+00:00,16.0,18.0,8.0,182.0
2023-04-02T14:38:34.558299+00:00,86.0,12.0,92.0,63.0
2023-04-02T14:39:34.558299+00:00,41.0,49.0,19.0,125.0
2023-04-02T14:40:34.558299+00:00,14.0,38.0,5.0,200.0
2023-04-02T14:41:34.558299+00:00,96.0,44.0,21.0,142.0
2023-04-02T14:42:34.558299+00:00,72.0,18.0,68.0,217.0
2023-04-02T14:43:34.558299+00:00,70.0,45.0,22.0,264.0
2023-04-02T14:44:34.558299+00:00,99.0,7.0,4.0,253.0
2023-04-02T14:45:34.558299+00:00,79.0,2.0,39.0,3.0
2023-04-02T14:46:34.558299+00:00,98.0,18.0,44.0,178.0
2023-04-02T14:47:34.558299+00:00,39.0,13.0,33.0,271.0
2023-04-02T14:48:34.558299+00:00,65.0,14.0,63.0,139.0
2023-04-02T14:49:34.558299+00:00,6.0,31.0,74.0,113.0
2023-04-02T14:50:34.558299+00:00,11.0,11.0,93.0,252.0
2023-04-02T14:51:34.558299+00:00,60.0,30.0,83.0,279.0
2023-04-02T14:52:34.558299+00:00,73.0,20.0,31.0,72.0
2023-04-02T14:53:34.558299+00:00,49.0,23.0,58.0,268.0
2023-04-02T14:54:34.558299+00:00,87.0,36.0,4.0,151.0
2023-04-02T14:55:34.558299+00:00,71.0,6.0,44.0,87.0
2023-04-02T14:56:34.558299+00:00,70.0,4.0,45.0,2.0
2023-04-02T14:57:34.558299+00:00,54.0,3.0,78.0,28.0
2023-04-02T14:58:34.558299+00:00,11.0,7.0,28.0,51.0
2023-04-02T14:59:34.558299+00:00,42.0,30.0,28.0,53.0
2023-04-02T15:00:34.558299+00:00,28.0,39.0,73.0,225.0
2023-04-02T15:01:34.558299+00:00,90.0,29.0,96.0,133.0
2023-04-02T15:02:34.558299+00:00,99.0,5.0,30.0,74.0
2023-04-02T15:03:34.558299+00:00,22.0,40.0,30.0,233.0
2023-04-02T15:04:34.558299+00:00,55.0,16.0,22.0,276.0
2023-04-02T15:05:34.558299+00:00,83.0,21.0,81.0,102.0
2023-04-02T15:06:34.558299+00:00,94.0,12.0,88.0,151.0
2023-04-02T15:07:34.558299+00:00,75.0,25.0,65.0,205.0
2023-04-02T15:08:34.558299+00:00,27.0,48.0,4.0,83.0
2023-04-02T15:09:34.558299+00:00,6.0,14.0,78.0,7.0
2023-04-02T15:10:34.558299+00:00,60.0,7.0,25.0,191.0
2023-04-02T15:11:34.558299+00:00,35.0,38.0,45.0,15.0
2023-04-02T15:12:34.558299+00:00,33.0,2.0,67.0,40.0
2023-04-02T15:13:34.558299+00:00,7.0,41.0,20.0,169.0
2023-04-02T15:14:34.558299+00:00,100.0,32.0,10.0,217.0
2023-04-02T15:15:34.558299+00:00,3.0,25.0,77.0,56.0
2023-04-02T15:16:34.558299+00:00,7.0,36.0,24.0,67.0
2023-04-02T15:17:34.558299+00:00,95.0,50.0,2.0,237.0
2023-04-02T15:18:34.558299+00:00,92.0,30.0,59.0,6.0
2023-04-02T15:19:34.558299+00:00,14.0,15.0,59.0,0.0
2023-04-02T15:20:34.558299+00:00,34.0,17.0,28.0,245.0
2023-04-02T15:21:34.558299+00:00,92.0,35.0,77.0,180.0
2023-04-02T15:22:34.558299+00:00,53.0,39.0,96.0,107.0
2023-04-02T15:23:34.558299+00:00,56.0,43.0,25.0,270.0
2023-04-02T15:24:34.558299+00:00,84.0,8.0,66.0,144.0
2023-04-02T15:25:34.558299+00:00,0.0,21.0,0.0,275.0
2023-04-02T15:26:34.558299+00:00,53.0,24.0,63.0,24.0
2023-04-02T15:27:34.558299+00:00,36.0,4.0,46.0,219.0
2023-04-02T15:28:34.558299+00:00,50.0,42.0,0.0,85.0
2023-04-02T15:29:34.558299+00:00,89.0,13.0,39.0,42.0
2023-04-02T15:30:34.558299+00:00,55.0,6.0,35.0,255.0
2023-04-02T15:31:34.558299+00:00,22.0,11.0,26.0,18.0
2023-04-02T15:32:34.558299+00:00,55.0,11.0,32.0,14.0
2023-04-02T15:33:34.558299+00:00,19.0,9.0,7.0,15.0
2023-04-02T15:34:34.558299+00:00,19.0,38.0,57.0,110.0
2023-04-02T15:35:34.558299+00:00,72.0,15.0,88.0,61.0
2023-04-02T15:36:34.558299+00:00,16.0,9.0,93.0,102.0
2023-04-02T15:37:34.558299+00:00,95.0,37.0,77.0,156.0
2023-04-02T15:38:34.558299+00:00,30.0,11.0,53.0,180.0
2023-04-02T15:39:34.558299+00:00,7.0,6.0,48.0,182.0
2023-04-02T15:40:34.558299+00:00,17.0,15.0,78.0,153.0
2023-04-02T15:41:34.558299+00:00,52.0,25.0,67.0,297.0
2023-04-02T15:42:34.558299+00:00,69.0,15.0,59.0,6.0
2023-04-02T15:43:34.558299+00:00,15.0,21.0,42.0,186.0
2023-04-02T15:44:34.558299+00:00,88.0,6.0,72.0,113.0
2023-04-02T15:45:34.558299+00:00,70.0,19.0,67.0,282.0
2023-04-02T15:46:34.558299+00:00,87.0,43.0,73.0,207.0
2023-04-02T15:47:34.558299+00:00,17.0,45.0,33.0,163.0
2023-04-02T15:48:34.558299+00:00,23.0,8.0,98.0,67.0
2023-04-02T15:49:34.558299+00:00,68.0,18.0,99.0,104.0
2023-04-02T15:50:34.558299+00:00,77.0,29.0,11.0,257.0
2023-04-02T15:51:34.558299+00:00,98.0,4.0,44.0,59.0
2023-04-02T15:52:34.558299+00:00,81.0,12.0,58.0,113.0
2023-04-02T15:53:34.558299+00:00,57.0,48.0,26.0,67.0
2023-04-02T15:54:34.558299+00:00,34.0,3.0,61.0,83.0
2023-04-02T15:55:34.558299+00:00,81.0,32.0,85.0,260.0
2023-04-02T15:56:34.558299+00:00,11.0,4.0,32.0,255.0
2023-04-02T15:57:34.558299+00:00,51.0,38.0,49.0,292.0
2023-04-02T15:58:34.558299+00:00,20.0,13.0,11.0,89.0
2023-04-02T15:59:34.558299+00:00,96.0,48.0,97.0,288.0
2023-04-02T16:00:34.558299+00:00,13.0,29.0,55.0,178.0
2023-04-02T16:01:34.558299+00:00,88.0,5.0,0.0,8.0
2023-04-02T16:02:34.558299+00:00,10.0,26.0,13.0,287.0
2023-04-02T16:03:34.558299+00:00,77.0,26.0,75.0,285.0
2023-04-02T16:04:34.558299+00:00,69.0,1.0,93.0,275.0
2023-04-02T16:05:34.558299+00:00,46.0,35.0,54.0,241.0
2023-04-02T16:06:34.558299+00:00,90.0,28.0,1.0,153.0
2023-04-02T16:07:34.558299+00:00,22.0,13.0,68.0,7.0
2023-04-02T16:08:34.558299+00:00,100.0,24.0,4.0,124.0
2023-04-02T16:09:34.558299+00:00,53.0,24.0,29.0,85.0
2023-04-02T16:10:34.558299+00:00,19.0,29.0,58.0,174.0
2023-04-02T16:11:34.558299+00:00,88.0,17.0,56.0,143.0
2023-04-02T16:12:34.558299+00:00,42.0,39.0,19.0,254.0
2023-04-02T16:13:34.558299+00:00,89.0,5.0,54.0,284.0
2023-04-02T16:14:34.558299+00:00,83.0,42.0,94.0,250.0
2023-04-02T16:15:34.558299+00:00,63.0,36.0,44.0,133.0
2023-04-02T16:16:34.558299+00:00,78.0,7.0,81.0,134.0
2023-04-02T16:17:34.558299+00:00,22.0,11.0,38.0,91.0
2023-04-02T16:18:34.558299+00:00,64.0,37.0,58.0,228.0
2023-04-02T16:19:34.558299+00:00,85.0,36.0,19.0,208.0
2023-04-02T16:20:34.558299+00:00,41.0,31.0,21.0,280.0
2023-04-02T16:21:34.558299+00:00,19.0,32.0,33.0,233.0
2023-04-02T16:22:34.558299+00:00,79.0,3.0,81.0,161.0
2023-04-02T16:23:34.558299+00:00,93.0,40.0,33.0,159.0
2023-04-02T16:24:34.558299+00:00,47.0,24.0,81.0,196.0
2023-04-02T16:25:34.558299+00:00,52.0,2.0,44.0,52.0
2023-04-02T16:26:34.558299+00:00,24.0,40.0,70.0,184.0
2023-04-02T16:27:34.558299+00:00,56.0,47.0,65.0,223.0
2023-04-02T16:28:34.558299+00:00,31.0,32.0,57.0,83.0
2023-04-02T16:29:34.558299+00:00,2.0,22.0,25.0,143.0
2023-04-02T16:30:34.558299+00:00,26.0,44.0,60.0,72.0
2023-04-02T16:31:34.558299+00:00,89.0,45.0,33.0,288.0
2023-04-02T16:32:34.558299+00:00,76.0,32.0,58.0,197.0
2023-04-02T16:33:34.558299+00:00,44.0,8.0,12.0,211.0
2023-04-02T16:34:34.558299+00:00,61.0,23.0,61.0,38.0
2023-04-02T16:35:34.558299+00:00,33.0,23.0,84.0,113.0
2023-04-02T16:36:34.558299+00:00,97.0,10.0,10.0,206.0
2023-04-02T16:37:34.558299+00:00,10.0,43.0,38.0,251.0
2023-04-02T16:38:34.558299+00:00,54.0,40.0,80.0,265.0
2023-04-02T16:39:34.558299+00:00,65.0,12.0,49.0,97.0
2023-04-02T16:40:34.558299+00:00,7.0,9.0,42.0,178.0
2023-04-02T16:41:34.558299+00:00,43.0,5.0,78.0,289.0
2023-04-02T16:42:34.558299+00:00,57.0,7.0,53.0,183.0
2023-04-02T16:43:34.558299+00:00,41.0,8.0,58.0,278.0
2023-04-02T16:44:34.558299+00:00,53.0,33.0,1.0,259.0
2023-04-02T16:45:34.558299+00:00,85.0,14.0,60.0,125.0
2023-04-02T16:46:34.558299+00:00,33.0,30.0,25.0,153.0
2023-04-02T16:47:34.558299+00:00,28.0,19.0,29.0,152.0
2023-04-02T16:48:34.558299+00:00,51.0,50.0,57.0,163.0
2023-04-02T16:49:34.558299+00:00,93.0,16.0,23.0,177.0
2023-04-02T16:50:34.558299+00:00,26.0,29.0,69.0,108.0
2023-04-02T16:51:34.558299+00:00,86.0,10.0,14.0,262.0
2023-04-02T16:52:34.558299+00:00,21.0,44.0,54.0,0.0
2023-04-02T16:53:34.558299+00:00,58.0,13.0,30.0,290.0
2023-04-02T16:54:34.558299+00:00,28.0,9.0,9.0,216.0
2023-04-02T16:55:34.558299+00:00,20.0,38.0,96.0,62.0
2023-04-02T16:56:34.558299+00:00,10.0,45.0,90.0,278.0
2023-04-02T16:57:34.558299+00:00,1.0,9.0,62.0,23.0
2023-04-02T16:58:34.558299+00:00,30.0,31.0,11.0,88.0
2023-04-02T16:59:34.558299+00:00,22.0,20.0,5.0,72.0
2023-04-02T17:00:34.558299+00:00,8.0,35.0,54.0,61.0
2023-04-02T17:01:34.558299+00:00,45.0,33.0,85.0,87.0
2023-04-02T17:02:34.558299+00:00,99.0,4.0,35.0,79.0
2023-04-02T17:03:34.558299+00:00,71.0,18.0,87.0,182.0
2023-04-02T17:04:34.558299+00:00,84.0,0.0,27.0,221.0
2023-04-02T17:05:34.558299+00:00,78.0,28.0,56.0,122.0
2023-04-02T17:06:34.558299+00:00,25.0,4.0,28.0,18.0
2023-04-02T17:07:34.558299+00:00,19.0,48.0,47.0,18.0
2023-04-02T17:08:34.558299+00:00,81.0,3.0,83.0,83.0
2023-04-02T17:09:34.558299+00:00,5.0,34.0,38.0,11.0
2023-04-02T17:10:34.558299+00:00,87.0,21.0,93.0,144.0
2023-04-02T17:11:34.558299+00:00,0.0,47.0,79.0,57.0
2023-04-02T17:12:34.558299+00:00,35.0,21.0,4.0,273.0
2023-04-02T17:13:34.558299+00:00,2.0,0.0,59.0,116.0
2023-04-02T17:14:34.558299+00:00,35.0,32.0,69.0,191.0
2023-04-02T17:15:34.558299+00:00,64.0,29.0,12.0,266.0
2023-04-02T17:16:34.558299+00:00,97.0,3.0,90.0,52.0
2023-04-02T17:17:34.558299+00:00,63.0,32.0,6.0,107.0
2023-04-02T17:18:34.558299+00:00,17.0,12.0,73.0,233.0
2023-04-02T17:19:34.558299+00:00,76.0,50.0,90.0,299.0
2023-04-02T17:20:34.558299+00:00,80.0,36.0,76.0,26.0
2023-04-02T17:21:34.558299+00:00,77.0,44.0,20.0,157.0
2023-04-02T17:22:34.558299+00:00,21.0,14.0,48.0,280.0
2023-04-02T17:23:34.558299+00:00,100.0,47.0,71.0,38.0
2023-04-02T17:24:34.558299+00:00,61.0,46.0,34.0,276.0
2023-04-02T17:25:34.558299+00:00,34.0,7.0,65.0,48.0
2023-04-02T17:26:34.558299+00:00,48.0,2.0,64.0,15.0
2023-04-02T17:27:34.558299+00:00,96.0,0.0,25.0,235.0
2023-04-02T17:28:34.558299+00:00,67.0,16.0,61.0,130.0
2023-04-02T17:29:34.558299+00:00,97.0,5.0,38.0,182.0
2023-04-02T17:30:34.558299+00:00,49.0,14.0,62.0,286.0
2023-04-02T17:31:34.558299+00:00,6.0,7.0,32.0,12.0
2023-04-02T17:32:34.558299+00:00,96.0,35.0,73.0,298.0
2023-04-02T17:33:34.558299+00:00,27.0,12.0,4.0,255.0
2023-04-02T17:34:34.558299+00:00,34.0,25.0,10.0,262.0
2023-04-02T17:35:34.558299+00:00,31.0,13.0,79.0,212.0
2023-04-02T17:36:34.558299+00:00,48.0,23.0,11.0,208.0
2023-04-02T17:37:34.558299+00:00,16.0,46.0,50.0,232.0
2023-04-02T17:38:34.558299+00:00,82.0,14.0,8.0,282.0
2023-04-02T17:39:34.558299+00:00,83.0,33.0,64.0,264.0
2023-04-02T17:40:34.558299+00:00,94.0,11.0,96.0,259.0
2023-04-02T17:41:34.558299+00:00,94.0,7.0,75.0,295.0
2023-04-02T17:42:34.558299+00:00,46.0,28.0,80.0,87.0
2023-04-02T17:43:34.558299+00:00,57.0,44.0,57.0,192.0
2023-04-02T17:44:34.558299+00:00,0.0,39.0,29.0,4.0
2023-04-02T17:45:34.558299+00:00,31.0,7.0,73.0,220.0
2023-04-02T17:46:34.558299+00:00,34.0,3.0,93.0,104.0
2023-04-02T17:47:34.558299+00:00,26.0,6.0,39.0,79.0
2023-04-02T17:48:34.558299+00:00,96.0,0.0,92.0,297.0
2023-04-02T17:49:34.558299+00:00,95.0,14.0,54.0,155.0
2023-04-02T17:50:34.558299+00:00,69.0,34.0,88.0,178.0
2023-04-02T17:51:34.558299+00:00,78.0,8.0,92.0,168.0
2023-04-02T17:52:34.558299+00:00,52.0,0.0,71.0,103.0
2023-04-02T17:53:34.558299+00:00,59.0,14.0,40.0,192.0
2023-04-02T17:54:34.558299+00:00,18.0,5.0,22.0,296.0
2023-04-02T17:55:34.558299+00:00,57.0,44.0,83.0,20.0
2023-04-02T17:56:34.558299+00:00,42.0,3.0,88.0,23.0
2023-04-02T17:57:34.558299+00:00,49.0,47.0,35.0,202.0
2023-04-02T17:58:34.558299+00:00,15.0,27.0,48.0,78.0
2023-04-02T17:59:34.558299+00:00,35.0,39.0,45.0,51.0
2023-04-02T18:00:34.558299+00:00,80.0,10.0,91.0,158.0
2023-04-02T18:01:34.558299+00:00,17.0,37.0,59.0,136.0
2023-04-02T18:02:34.558299+00:00,38.0,37.0,63.0,46.0
2023-04-02T18:03:34.558299+00:00,81.0,14.0,98.0,239.0
2023-04-02T18:04:34.558299+00:00,15.0,47.0,63.0,79.0
2023-04-02T18:05:34.558299+00:00,66.0,43.0,28.0,118.0
2023-04-02T18:06:34.558299+00:00,31.0,39.0,86.0,124.0
2023-04-02T18:07:34.558299+00:00,62.0,5.0,94.0,80.0
2023-04-02T18:08:34.558299+00:00,42.0,38.0,61.0,203.0
2023-04-02T18:09:34.558299+00:00,63.0,11.0,18.0,51.0
2023-04-02T18:10:34.558299+00:00,75.0,0.0,21.0,98.0
2023-04-02T18:11:34.558299+00:00,47.0,1.0,46.0,280.0
2023-04-02T18:12:34.558299+00:00,86.0,32.0,86.0,91.0
2023-04-02T18:13:34.558299+00:00,77.0,39.0,63.0,187.0
2023-04-02T18:14:34.558299+00:00,76.0,23.0,3.0,86.0
2023-04-02T18:15:34.558299+00:00,43.0,16.0,12.0,142.0
2023-04-02T18:16:34.558299+00:00,92.0,50.0,27.0,6.0
2023-04-02T18:17:34.558299+00:00,52.0,20.0,99.0,225.0
2023-04-02T18:18:34.558299+00:00,69.0,35.0,5.0,27.0
2023-04-02T18:19:34.558299+00:00,10.0,44.0,25.0,15.0
2023-04-02T18:20:34.558299+00:00,43.0,28.0,31.0,231.0
2023-04-02T18:21:34.558299+00:00,6.0,19.0,90.0,276.0
2023-04-02T18:22:34.558299+00:00,55.0,47.0,45.0,249.0
2023-04-02T18:23:34.558299+00:00,68.0,17.0,43.0,71.0
2023-04-02T18:24:34.558299+00:00,56.0,5.0,72.0,222.0
2023-04-02T18:25:34.558299+00:00,60.0,14.0,3.0,207.0
2023-04-02T18:26:34.558299+00:00,73.0,24.0,82.0,201.0
2023-04-02T18:27:34.558299+00:00,81.0,45.0,64.0,145.0
2023-04-02T18:28:34.558299+00:00,0.0,7.0,66.0,1.0
2023-04-02T18:29:34.558299+00:00,53.0,8.0,99.0,265.0
2023-04-02T18:30:34.558299+00:00,11.0,49.0,13.0,288.0
2023-04-02T18:31:34.558299+00:00,75.0,32.0,90.0,118.0
2023-04-02T18:32:34.558299+00:00,56.0,42.0,58.0,57.0
2023-04-02T18:33:34.558299+00:00,58.0,44.0,92.0,173.0
2023-04-02T18:34:34.558299+00:00,6.0,3.0,24.0,295.0
2023-04-02T18:35:34.558299+00:00,18.0,45.0,36.0,234.0
2023-04-02T18:36:34.558299+00:00,9.0,44.0,54.0,91.0
2023-04-02T18:37:34.558299+00:00,83.0,21.0,6.0,122.0
2023-04-02T18:38:34.558299+00:00,80.0,3.0,34.0,116.0
2023-04-02T18:39:34.558299+00:00,62.0,44.0,77.0,168.0
2023-04-02T18:40:34.558299+00:00,50.0,30.0,37.0,87.0
2023-04-02T18:41:34.558299+00:00,92.0,15.0,100.0,190.0
2023-04-02T18:42:34.558299+00:00,47.0,40.0,80.0,103.0
2023-04-02T18:43:34.558299+00:00,77.0,49.0,77.0,139.0
2023-04-02T18:44:34.558299+00:00,44.0,30.0,78.0,292.0
2023-04-02T18:45:34.558299+00:00,2.0,13.0,85.0,39.0
2023-04-02T18:46:34.558299+00:00,54.0,47.0,57.0,199.0
2023-04-02T18:47:34.558299+00:00,10.0,8.0,31.0,40.0
2023-04-02T18:48:34.558299+00:00,29.0,41.0,33.0,29.0
2023-04-02T18:49:34.558299+00:00,77.0,43.0,54.0,155.0
2023-04-02T18:50:34.558299+00:00,61.0,13.0,80.0,14.0
2023-04-02T18:51:34.558299+00:00,95.0,2.0,60.0,94.0
2023-04-02T18:52:34.558299+00:00,73.0,45.0,91.0,276.0
2023-04-02T18:53:34.558299+00:00,19.0,6.0,30.0,277.0
2023-04-02T18:54:34.558299+00:00,13.0,8.0,54.0,166.0
2023-04-02T18:55:34.558299+00:00,12.0,7.0,58.0,74.0
2023-04-02T18:56:34.558299+00:00,53.0,8.0,91.0,289.0
2023-04-02T18:57:34.558299+00:00,94.0,42.0,21.0,169.0
2023-04-02T18:58:34.558299+00:00,66.0,18.0,98.0,176.0
2023-04-02T18:59:34.558299+00:00,5.0,36.0,74.0,126.0
2023-04-02T19:00:34.558299+00:00,47.0,35.0,82.0,23.0
2023-04-02T19:01:34.558299+00:00,3.0,21.0,77.0,104.0
2023-04-02T19:02:34.558299+00:00,61.0,33.0,22.0,242.0
2023-04-02T19:03:34.558299+00:00,79.0,34.0,99.0,283.0
2023-04-02T19:04:34.558299+00:00,24.0,5.0,38.0,284.0
2023-04-02T19:05:34.558299+00:00,79.0,27.0,52.0,159.0
2023-04-02T19:06:34.558299+00:00,57.0,12.0,57.0,272.0
2023-04-02T19:07:34.558299+00:00,1.0,43.0,65.0,81.0
2023-04-02T19:08:34.558299+00:00,24.0,15.0,81.0,278.0
2023-04-02T19:09:34.558299+00:00,76.0,28.0,89.0,292.0
2023-04-02T19:10:34.558299+00:00,40.0,31.0,56.0,203.0
2023-04-02T19:11:34.558299+00:00,44.0,41.0,67.0,270.0
2023-04-02T19:12:34.558299+00:00,99.0,41.0,1.0,63.0
2023-04-02T19:13:34.558299+00:00,47.0,3.0,39.0,74.0
2023-04-02T19:14:34.558299+00:00,80.0,22.0,79.0,228.0
2023-04-02T19:15:34.558299+00:00,73.0,14.0,55.0,286.0
2023-04-02T19:16:34.558299+00:00,13.0,24.0,63.0,143.0
2023-04-02T19:17:34.558299+00:00,51.0,17.0,83.0,181.0
2023-04-02T19:18:34.558299+00:00,38.0,13.0,93.0,210.0
2023-04-02T19:19:34.558299+00:00,88.0,7.0,79.0,37.0
2023-04-02T19:20:34.558299+00:00,97.0,15.0,47.0,180.0
2023-04-02T19:21:34.558299+00:00,30.0,25.0,88.0,117.0
2023-04-02T19:22:34.558299+00:00,44.0,37.0,77.0,204.0
2023-04-02T19:23:34.558299+00:00,84.0,22.0,18.0,69.0
2023-04-02T19:24:34.558299+00:00,26.0,9.0,85.0,148.0
2023-04-02T19:25:34.558299+00:00,39.0,29.0,98.0,249.0
2023-04-02T19:26:34.558299+00:00,46.0,10.0,37.0,158.0
2023-04-02T19:27:34.558299+00:00,1.0,44.0,9.0,195.0
2023-04-02T19:28:34.558299+00:00,94.0,44.0,54.0,157.0
2023-04-02T19:29:34.558299+00:00,82.0,26.0,16.0,213.0
2023-04-02T19:30:34.558299+00:00,57.0,50.0,15.0,188.0
2023-04-02T19:31:34.558299+00:00,73.0,46.0,40.0,18.0
2023-04-02T19:32:34.558299+00:00,91.0,12.0,93.0,147.0
2023-04-02T19:33:34.558299+00:00,19.0,32.0,93.0,237.0
2023-04-02T19:34:34.558299+00:00,44.0,28.0,12.0,96.0
2023-04-02T19:35:34.558299+00:00,12.0,2.0,50.0,26.0
2023-04-02T19:36:34.558299+00:00,99.0,5.0,36.0,180.0
2023-04-02T19:37:34.558299+00:00,31.0,25.0,39.0,110.0
2023-04-02T19:38:34.558299+00:00,10.0,26.0,19.0,171.0
2023-04-02T19:39:34.558299+00:00,58.0,25.0,98.0,263.0
2023-04-02T19:40:34.558299+00:00,17.0,20.0,5.0,255.0
2023-04-02T19:41:34.558299+00:00,43.0,9.0,98.0,228.0
2023-04-02T19:42:34.558299+00:00,95.0,42.0,25.0,203.0
2023-04-02T19:43:34.558299+00:00,29.0,50.0,64.0,42.0
2023-04-02T19:44:34.558299+00:00,31.0,31.0,87.0,40.0
2023-04-02T19:45:34.558299+00:00,50.0,39.0,87.0,95.0
2023-04-02T19:46:34.558299+00:00,23.0,19.0,58.0,199.0
2023-04-02T19:47:34.558299+00:00,70.0,45.0,53.0,58.0
2023-04-02T19:48:34.558299+00:00,42.0,19.0,24.0,297.0
2023-04-02T19:49:34.558299+00:00,99.0,12.0,34.0,159.0
2023-04-02T19:50:34.558299+00:00,42.0,19.0,89.0,202.0
2023-04-02T19:51:34.558299+00:00,50.0,16.0,80.0,187.0
2023-04-02T19:52:34.558299+00:00,93.0,4.0,18.0,20.0
2023-04-02T19:53:34.558299+00:00,24.0,48.0,68.0,199.0
2023-04-02T19:54:34.558299+00:00,17.0,33.0,76.0,48.0
2023-04-02T19:55:34.558299+00:00,22.0,41.0,39.0,189.0
2023-04-02T19:56:34.558299+00:00,46.0,36.0,2.0,254.0
2023-04-02T19:57:34.558299+00:00,69.0,24.0,73.0,162.0
2023-04-02T19:58:34.558299+00:00,65.0,34.0,55.0,103.0
2023-04-02T19:59:34.558299+00:00,21.0,28.0,60.0,240.0
2023-04-02T20:00:34.558299+00:00,30.0,2.0,3.0,153.0
2023-04-02T20:01:34.558299+00:00,83.0,29.0,90.0,265.0
2023-04-02T20:02:34.558299+00:00,32.0,33.0,51.0,138.0
2023-04-02T20:03:34.558299+00:00,23.0,33.0,55.0,88.0
2023-04-02T20:04:34.558299+00:00,71.0,30.0,15.0,58.0
2023-04-02T20:05:34.558299+00:00,56.0,47.0,70.0,188.0
2023-04-02T20:06:34.558299+00:00,22.0,26.0,58.0,123.0
2023-04-02T20:07:34.558299+00:00,70.0,24.0,17.0,126.0
2023-04-02T20:08:34.558299+00:00,43.0,23.0,10.0,40.0
2023-04-02T20:09:34.558299+00:00,86.0,43.0,47.0,281.0
2023-04-02T20:10:34.558299+00:00,26.0,19.0,7.0,22.0
2023-04-02T20:11:34.558299+00:00,33.0,42.0,68.0,216.0
2023-04-02T20:12:34.558299+00:00,92.0,32.0,87.0,175.0
2023-04-02T20:13:34.558299+00:00,69.0,27.0,47.0,135.0
2023-04-02T20:14:34.558299+00:00,38.0,17.0,47.0,226.0
2023-04-02T20:15:34.558299+00:00,46.0,8.0,40.0,152.0
2023-04-02T20:16:34.558299+00:00,59.0,22.0,95.0,45.0
2023-04-02T20:17:34.558299+00:00,44.0,1.0,24.0,44.0
2023-04-02T20:18:34.558299+00:00,20.0,35.0,11.0,282.0
2023-04-02T20:19:34.558299+00:00,30.0,50.0,44.0,127.0
2023-04-02T20:20:34.558299+00:00,91.0,26.0,23.0,138.0
2023-04-02T20:21:34.558299+00:00,83.0,30.0,85.0,238.0
2023-04-02T20:22:34.558299+00:00,47.0,31.0,3.0,237.0
2023-04-02T20:23:34.558299+00:00,9.0,46.0,69.0,241.0
2023-04-02T20:24:34.558299+00:00,60.0,3.0,72.0,15.0
2023-04-02T20:25:34.558299+00:00,70.0,40.0,22.0,92.0
2023-04-02T20:26:34.558299+00:00,7.0,43.0,37.0,276.0
2023-04-02T20:27:34.558299+00:00,73.0,0.0,49.0,131.0
2023-04-02T20:28:34.558299+00:00,97.0,32.0,3.0,164.0
2023-04-02T20:29:34.558299+00:00,43.0,23.0,96.0,186.0
2023-04-02T20:30:34.558299+00:00,47.0,32.0,85.0,150.0
2023-04-02T20:31:34.558299+00:00,93.0,24.0,66.0,138.0
2023-04-02T20:32:34.558299+00:00,65.0,35.0,0.0,237.0
2023-04-02T20:33:34.558299+00:00,95.0,3.0,23.0,76.0
2023-04-02T20:34:34.558299+00:00,95.0,48.0,37.0,62.0
2023-04-02T20:35:34.558299+00:00,63.0,13.0,43.0,244.0
2023-04-02T20:36:34.558299+00:00,67.0,37.0,10.0,50.0
2023-04-02T20:37:34.558299+00:00,30.0,41.0,17.0,58.0
2023-04-02T20:38:34.558299+00:00,31.0,24.0,48.0,269.0
2023-04-02T20:39:34.558299+00:00,50.0,39.0,12.0,297.0
2023-04-02T20:40:34.558299+00:00,6.0,10.0,2.0,83.0
2023-04-02T20:41:34.558299+00:00,52.0,43.0,39.0,34.0
2023-04-02T20:42:34.558299+00:00,93.0,14.0,9.0,230.0
2023-04-02T20:43:34.558299+00:00,72.0,38.0,97.0,183.0
2023-04-02T20:44:34.558299+00:00,70.0,13.0,42.0,282.0
2023-04-02T20:45:34.558299+00:00,8.0,3.0,42.0,46.0
2023-04-02T20:46:34.558299+00:00,37.0,41.0,46.0,275.0
2023-04-02T20:47:34.558299+00:00,9.0,3.0,72.0,108.0
2023-04-02T20:48:34.558299+00:00,95.0,27.0,86.0,196.0
2023-04-02T20:49:34.558299+00:00,88.0,2.0,69.0,14.0
2023-04-02T20:50:34.558299+00:00,40.0,9.0,91.0,189.0
2023-04-02T20:51:34.558299+00:00,43.0,19.0,53.0,13.0
2023-04-02T20:52:34.558299+00:00,0.0,43.0,61.0,107.0
2023-04-02T20:53:34.558299+00:00,52.0,26.0,30.0,144.0
2023-04-02T20:54:34.558299+00:00,77.0,49.0,78.0,48.0
2023-04-02T20:55:34.558299+00:00,67.0,4.0,17.0,270.0
2023-04-02T20:56:34.558299+00:00,94.0,9.0,34.0,179.0
2023-04-02T20:57:34.558299+00:00,22.0,45.0,53.0,31.0
2023-04-02T20:58:34.558299+00:00,74.0,30.0,84.0,156.0
2023-04-02T20:59:34.558299+00:00,66.0,35.0,89.0,171.0
2023-04-02T21:00:34.558299+00:00,51.0,2.0,89.0,102.0
2023-04-02T21:01:34.558299+00:00,22.0,41.0,5.0,296.0
2023-04-02T21:02:34.558299+00:00,89.0,19.0,60.0,43.0
2023-04-02T21:03:34.558299+00:00,100.0,34.0,22.0,292.0
2023-04-02T21:04:34.558299+00:00,3.0,14.0,29.0,63.0
2023-04-02T21:05:34.558299+00:00,44.0,7.0,23.0,160.0
2023-04-02T21:06:34.558299+00:00,75.0,49.0,10.0,40.0
2023-04-02T21:07:34.558299+00:00,39.0,1.0,67.0,299.0
2023-04-02T21:08:34.558299+00:00,27.0,36.0,95.0,61.0
2023-04-02T21:09:34.558299+00:00,62.0,39.0,65.0,57.0
2023-04-02T21:10:34.558299+00:00,32.0,29.0,31.0,233.0
2023-04-02T21:11:34.558299+00:00,74.0,8.0,67.0,41.0
2023-04-02T21:12:34.558299+00:00,97.0,31.0,44.0,46.0
2023-04-02T21:13:34.558299+00:00,59.0,23.0,98.0,62.0
2023-04-02T21:14:34.558299+00:00,38.0,40.0,95.0,72.0
2023-04-02T21:15:34.558299+00:00,59.0,18.0,45.0,40.0
2023-04-02T21:16:34.558299+00:00,43.0,13.0,24.0,196.0
2023-04-02T21:17:34.558299+00:00,46.0,22.0,53.0,50.0
2023-04-02T21:18:34.558299+00:00,64.0,27.0,52.0,136.0
2023-04-02T21:19:34.558299+00:00,19.0,46.0,43.0,260.0
2023-04-02T21:20:34.558299+00:00,16.0,39.0,12.0,80.0
2023-04-02T21:21:34.558299+00:00,7.0,45.0,65.0,169.0
2023-04-02T21:22:34.558299+00:00,56.0,33.0,22.0,298.0
2023-04-02T21:23:34.558299+00:00,23.0,9.0,56.0,145.0
2023-04-02T21:24:34.558299+00:00,73.0,38.0,74.0,228.0
2023-04-02T21:25:34.558299+00:00,96.0,11.0,23.0,28.0
2023-04-02T21:26:34.558299+00:00,21.0,24.0,90.0,179.0
2023-04-02T21:27:34.558299+00:00,96.0,3.0,70.0,74.0
2023-04-02T21:28:34.558299+00:00,38.0,25.0,50.0,125.0
2023-04-02T21:29:34.558299+00:00,88.0,46.0,38.0,221.0
2023-04-02T21:30:34.558299+00:00,19.0,1.0,50.0,47.0
2023-04-02T21:31:34.558299+00:00,66.0,24.0,44.0,24.0
2023-04-02T21:32:34.558299+00:00,13.0,1.0,88.0,114.0
2023-04-02T21:33:34.558299+00:00,54.0,22.0,2.0,18.0
2023-04-02T21:34:34.558299+00:00,52.0,19.0,82.0,213.0
2023-04-02T21:35:34.558299+00:00,73.0,13.0,8.0,179.0
2023-04-02T21:36:34.558299+00:00,22.0,41.0,75.0,122.0
2023-04-02T21:37:34.558299+00:00,8.0,32.0,8.0,185.0
2023-04-02T21:38:34.558299+00:00,37.0,40.0,65.0,126.0
2023-04-02T21:39:34.558299+00:00,28.0,3.0,52.0,240.0
2023-04-02T21:40:34.558299+00:00,92.0,8.0,68.0,215.0
2023-04-02T21:41:34.558299+00:00,95.0,24.0,86.0,236.0
2023-04-02T21:42:34.558299+00:00,71.0,33.0,47.0,177.0
2023-04-02T21:43:34.558299+00:00,97.0,21.0,79.0,295.0
2023-04-02T21:44:34.558299+00:00,76.0,35.0,14.0,196.0
2023-04-02T21:45:34.558299+00:00,49.0,9.0,86.0,20.0
2023-04-02T21:46:34.558299+00:00,37.0,49.0,25.0,243.0
2023-04-02T21:47:34.558299+00:00,57.0,3.0,74.0,190.0
2023-04-02T21:48:34.558299+00:00,49.0,2.0,8.0,194.0
2023-04-02T21:49:34.558299+00:00,17.0,40.0,96.0,178.0
2023-04-02T21:50:34.558299+00:00,65.0,8.0,75.0,51.0
2023-04-02T21:51:34.558299+00:00,36.0,4.0,10.0,273.0
2023-04-02T21:52:34.558299+00:00,26.0,37.0,32.0,227.0
2023-04-02T21:53:34.558299+00:00,95.0,4.0,18.0,128.0
2023-04-02T21:54:34.558299+00:00,34.0,36.0,21.0,297.0
2023-04-02T21:55:34.558299+00:00,61.0,19.0,8.0,182.0
2023-04-02T21:56:34.558299+00:00,99.0,22.0,44.0,200.0
2023-04-02T21:57:34.558299+00:00,58.0,44.0,64.0,6.0
2023-04-02T21:58:34.558299+00:00,49.0,42.0,58.0,246.0
2023-04-02T21:59:34.558299+00:00,36.0,6.0,75.0,141.0
2023-04-02T22:00:34.558299+00:00,15.0,44.0,30.0,137.0
2023-04-02T22:01:34.558299+00:00,68.0,15.0,47.0,42.0
2023-04-02T22:02:34.558299+00:00,20.0,44.0,33.0,153.0
2023-04-02T22:03:34.558299+00:00,90.0,8.0,74.0,232.0
2023-04-02T22:04:34.558299+00:00,67.0,16.0,42.0,44.0
2023-04-02T22:05:34.558299+00:00,20.0,6.0,92.0,20.0
2023-04-02T22:06:34.558299+00:00,45.0,45.0,22.0,125.0
2023-04-02T22:07:34.558299+00:00,93.0,39.0,87.0,158.0
2023-04-02T22:08:34.558299+00:00,23.0,26.0,16.0,175.0
2023-04-02T22:09:34.558299+00:00,40.0,5.0,7.0,190.0
2023-04-02T22:10:34.558299+00:00,99.0,4.0,29.0,21.0
2023-04-02T22:11:34.558299+00:00,42.0,29.0,0.0,93.0
2023-04-02T22:12:34.558299+00:00,68.0,6.0,57.0,269.0
2023-04-02T22:13:34.558299+00:00,82.0,50.0,32.0,195.0
2023-04-02T22:14:34.558299+00:00,16.0,31.0,52.0,237.0
2023-04-02T22:15:34.558299+00:00,14.0,10.0,64.0,90.0
2023-04-02T22:16:34.558299+00:00,53.0,16.0,63.0,9.0
2023-04-02T22:17:34.558299+00:00,93.0,16.0,27.0,120.0
2023-04-02T22:18:34.558299+00:00,38.0,49.0,16.0,248.0
2023-04-02T22:19:34.558299+00:00,61.0,11.0,95.0,151.0
2023-04-02T22:20:34.558299+00:00,88.0,9.0,44.0,237.0
2023-04-02T22:21:34.558299+00:00,17.0,39.0,80.0,43.0
2023-04-02T22:22:34.558299+00:00,54.0,11.0,89.0,262.0
2023-04-02T22:23:34.558299+00:00,77.0,11.0,87.0,264.0
2023-04-02T22:24:34.558299+00:00,50.0,32.0,6.0,42.0
2023-04-02T22:25:34.558299+00:00,42.0,42.0,20.0,155.0
2023-04-02T22:26:34.558299+00:00,79.0,32.0,57.0,235.0
2023-04-02T22:27:34.558299+00:00,78.0,17.0,13.0,274.0
2023-04-02T22:28:34.558299+00:00,3.0,43.0,83.0,171.0
2023-04-02T22:29:34.558299+00:00,24.0,10.0,94.0,175.0
2023-04-02T22:30:34.558299+00:00,79.0,38.0,46.0,22.0
2023-04-02T22:31:34.558299+00:00,52.0,46.0,20.0,169.0
2023-04-02T22:32:34.558299+00:00,69.0,50.0,64.0,7.0
2023-04-02T22:33:34.558299+00:00,71.0,0.0,22.0,139.0
2023-04-02T22:34:34.558299+00:00,55.0,15.0,31.0,113.0
2023-04-02T22:35:34.558299+00:00,33.0,13.0,3.0,247.0
2023-04-02T22:36:34.558299+00:00,38.0,16.0,2.0,272.0
2023-04-02T22:37:34.558299+00:00,74.0,8.0,15.0,145.0
2023-04-02T22:38:34.558299+00:00,21.0,40.0,8.0,254.0
2023-04-02T22:39:34.558299+00:00,18.0,31.0,90.0,150.0
2023-04-02T22:40:34.558299+00:00,64.0,28.0,89.0,140.0
2023-04-02T22:41:34.558299+00:00,28.0,25.0,94.0,77.0
2023-04-02T22:42:34.558299+00:00,48.0,12.0,58.0,16.0
2023-04-02T22:43:34.558299+00:00,82.0,48.0,48.0,222.0
2023-04-02T22:44:34.558299+00:00,8.0,6.0,65.0,102.0
2023-04-02T22:45:34.558299+00:00,78.0,19.0,8.0,7.0
2023-04-02T22:46:34.558299+00:00,97.0,31.0,83.0,134.0
2023-04-02T22:47:34.558299+00:00,54.0,8.0,15.0,219.0
2023-04-02T22:48:34.558299+00:00,21.0,14.0,99.0,24.0
2023-04-02T22:49:34.558299+00:00,3.0,9.0,3.0,62.0
2023-04-02T22:50:34.558299+00:00,74.0,35.0,41.0,185.0
2023-04-02T22:51:34.558299+00:00,21.0,12.0,37.0,258.0
2023-04-02T22:52:34.558299+00:00,4.0,18.0,13.0,84.0
2023-04-02T22:53:34.558299+00:00,33.0,5.0,72.0,80.0
2023-04-02T22:54:34.558299+00:00,11.0,36.0,36.0,154.0
2023-04-02T22:55:34.558299+00:00,51.0,39.0,4.0,38.0
2023-04-02T22:56:34.558299+00:00,18.0,46.0,37.0,221.0
2023-04-02T22:57:34.558299+00:00,77.0,4.0,49.0,54.0
2023-04-02T22:58:34.558299+00:00,78.0,11.0,98.0,80.0
2023-04-02T22:59:34.558299+00:00,50.0,31.0,32.0,50.0
2023-04-02T23:00:34.558299+00:00,58.0,29.0,54.0,178.0
2023-04-02T23:01:34.558299+00:00,43.0,37.0,26.0,129.0
2023-04-02T23:02:34.558299+00:00,65.0,15.0,19.0,157.0
2023-04-02T23:03:34.558299+00:00,86.0,3.0,14.0,149.0
2023-04-02T23:04:34.558299+00:00,63.0,31.0,97.0,19.0
2023-04-02T23:05:34.558299+00:00,2.0,6.0,82.0,200.0
2023-04-02T23:06:34.558299+00:00,59.0,34.0,75.0,260.0
2023-04-02T23:07:34.558299+00:00,53.0,27.0,18.0,144.0
2023-04-02T23:08:34.558299+00:00,67.0,50.0,46.0,204.0
2023-04-02T23:09:34.558299+00:00,48.0,12.0,43.0,136.0
2023-04-02T23:10:34.558299+00:00,12.0,12.0,15.0,80.0
2023-04-02T23:11:34.558299+00:00,85.0,27.0,92.0,299.0
2023-04-02T23:12:34.558299+00:00,54.0,13.0,32.0,15.0
2023-04-02T23:13:34.558299+00:00,21.0,18.0,8.0,63.0
2023-04-02T23:14:34.558299+00:00,81.0,41.0,95.0,148.0
2023-04-02T23:15:34.558299+00:00,66.0,43.0,65.0,130.0
2023-04-02T23:16:34.558299+00:00,49.0,40.0,94.0,69.0
2023-04-02T23:17:34.558299+00:00,25.0,14.0,94.0,157.0
2023-04-02T23:18:34.558299+00:00,24.0,13.0,17.0,57.0
2023-04-02T23:19:34.558299+00:00,39.0,8.0,3.0,69.0
2023-04-02T23:20:34.558299+00:00,71.0,15.0,91.0,56.0
2023-04-02T23:21:34.558299+00:00,53.0,2.0,51.0,37.0
2023-04-02T23:22:34.558299+00:00,2.0,1.0,37.0,216.0
2023-04-02T23:23:34.558299+00:00,5.0,38.0,68.0,226.0
2023-04-02T23:24:34.558299+00:00,46.0,33.0,96.0,176.0
2023-04-02T23:25:34.558299+00:00,28.0,34.0,0.0,63.0
2023-04-02T23:26:34.558299+00:00,58.0,7.0,96.0,280.0
2023-04-02T23:27:34.558299+00:00,15.0,0.0,87.0,173.0
2023-04-02T23:28:34.558299+00:00,71.0,46.0,74.0,42.0
2023-04-02T23:29:34.558299+00:00,48.0,17.0,97.0,50.0
2023-04-02T23:30:34.558299+00:00,71.0,47.0,96.0,293.0
2023-04-02T23:31:34.558299+00:00,69.0,6.0,34.0,268.0
2023-04-02T23:32:34.558299+00:00,83.0,41.0,90.0,96.0
2023-04-02T23:33:34.558299+00:00,19.0,33.0,42.0,15.0
2023-04-02T23:34:34.558299+00:00,34.0,20.0,82.0,108.0
2023-04-02T23:35:34.558299+00:00,35.0,11.0,64.0,22.0
2023-04-02T23:36:34.558299+00:00,95.0,40.0,60.0,294.0
2023-04-02T23:37:34.558299+00:00,63.0,45.0,81.0,35.0
2023-04-02T23:38:34.558299+00:00,70.0,0.0,34.0,63.0
2023-04-02T23:39:34.558299+00:00,68.0,43.0,39.0,249.0
2023-04-02T23:40:34.558299+00:00,98.0,49.0,76.0,202.0
2023-04-02T23:41:34.558299+00:00,38.0,28.0,79.0,282.0
2023-04-02T23:42:34.558299+00:00,10.0,23.0,89.0,93.0
2023-04-02T23:43:34.558299+00:00,5.0,29.0,49.0,195.0
2023-04-02T23:44:34.558299+00:00,77.0,24.0,45.0,28.0
2023-04-02T23:45:34.558299+00:00,88.0,42.0,33.0,245.0
2023-04-02T23:46:34.558299+00:00,29.0,39.0,10.0,82.0
2023-04-02T23:47:34.558299+00:00,86.0,42.0,28.0,169.0
2023-04-02T23:48:34.558299+00:00,17.0,31.0,73.0,273.0
2023-04-02T23:49:34.558299+00:00,9.0,19.0,51.0,24.0
2023-04-02T23:50:34.558299+00:00,52.0,49.0,23.0,171.0
2023-04-02T23:51:34.558299+00:00,51.0,3.0,77.0,27.0
2023-04-02T23:52:34.558299+00:00,14.0,31.0,68.0,66.0
2023-04-02T23:53:34.558299+00:00,19.0,15.0,82.0,224.0
2023-04-02T23:54:34.558299+00:00,32.0,3.0,20.0,294.0
2023-04-02T23:55:34.558299+00:00,38.0,50.0,21.0,39.0
2023-04-02T23:56:34.558299+00:00,34.0,20.0,92.0,196.0
2023-04-02T23:57:34.558299+00:00,81.0,31.0,15.0,227.0
2023-04-02T23:58:34.558299+00:00,40.0,34.0,12.0,111.0
2023-04-02T23:59:34.558299+00:00,61.0,6.0,66.0,196.0
2023-04-03T00:00:34.558299+00:00,5.0,15.0,33.0,267.0
2023-04-03T00:01:34.558299+00:00,75.0,37.0,90.0,91.0
2023-04-03T00:02:34.558299+00:00,86.0,23.0,22.0,102.0
2023-04-03T00:03:34.558299+00:00,100.0,8.0,72.0,105.0
2023-04-03T00:04:34.558299+00:00,74.0,33.0,74.0,68.0
2023-04-03T00:05:34.558299+00:00,2.0,2.0,21.0,244.0
2023-04-03T00:06:34.558299+00:00,53.0,12.0,80.0,25.0
2023-04-03T00:07:34.558299+00:00,16.0,12.0,48.0,284.0
2023-04-03T00:08:34.558299+00:00,51.0,36.0,1.0,56.0
2023-04-03T00:09:34.558299+00:00,99.0,40.0,95.0,161.0
2023-04-03T00:10:34.558299+00:00,79.0,46.0,19.0,42.0
2023-04-03T00:11:34.558299+00:00,18.0,21.0,19.0,42.0
2023-04-03T00:12:34.558299+00:00,56.0,50.0,89.0,51.0
2023-04-03T00:13:34.558299+00:00,29.0,45.0,68.0,182.0
2023-04-03T00:14:34.558299+00:00,59.0,11.0,83.0,91.0
2023-04-03T00:15:34.558299+00:00,54.0,14.0,21.0,236.0
2023-04-03T00:16:34.558299+00:00,6.0,50.0,61.0,43.0
2023-04-03T00:17:34.558299+00:00,84.0,16.0,15.0,56.0
2023-04-03T00:18:34.558299+00:00,12.0,24.0,8.0,157.0
2023-04-03T00:19:34.558299+00:00,77.0,50.0,99.0,27.0
2023-04-03T00:20:34.558299+00:00,7.0,22.0,42.0,88.0
2023-04-03T00:21:34.558299+00:00,71.0,3.0,87.0,143.0
2023-04-03T00:22:34.558299+00:00,55.0,28.0,78.0,75.0
2023-04-03T00:23:34.558299+00:00,65.0,7.0,22.0,291.0
2023-04-03T00:24:34.558299+00:00,97.0,36.0,3.0,245.0
2023-04-03T00:25:34.558299+00:00,0.0,0.0,60.0,260.0
2023-04-03T00:26:34.558299+00:00,46.0,39.0,89.0,123.0
2023-04-03T00:27:34.558299+00:00,48.0,39.0,11.0,127.0
2023-04-03T00:28:34.558299+00:00,75.0,19.0,68.0,7.0
2023-04-03T00:29:34.558299+00:00,33.0,28.0,87.0,203.0
2023-04-03T00:30:34.558299+00:00,22.0,27.0,26.0,37.0
2023-04-03T00:31:34.558299+00:00,26.0,42.0,4.0,10.0
2023-04-03T00:32:34.558299+00:00,48.0,5.0,22.0,283.0
2023-04-03T00:33:34.558299+00:00,3.0,4.0,85.0,159.0
2023-04-03T00:34:34.558299+00:00,32.0,0.0,39.0,6.0
2023-04-03T00:35:34.558299+00:00,47.0,4.0,74.0,137.0
2023-04-03T00:36:34.558299+00:00,9.0,10.0,41.0,209.0
2023-04-03T00:37:34.558299+00:00,42.0,18.0,56.0,71.0
2023-04-03T00:38:34.558299+00:00,95.0,25.0,49.0,282.0
2023-04-03T00:39:34.558299+00:00,27.0,22.0,5.0,49.0
2023-04-03T00:40:34.558299+00:00,54.0,24.0,53.0,276.0
2023-04-03T00:41:34.558299+00:00,42.0,21.0,65.0,132.0
2023-04-03T00:42:34.558299+00:00,58.0,9.0,14.0,143.0
2023-04-03T00:43:34.558299+00:00,70.0,3.0,73.0,53.0
2023-04-03T00:44:34.558299+00:00,35.0,24.0,60.0,186.0
2023-04-03T00:45:34.558299+00:00,72.0,15.0,57.0,52.0
2023-04-03T00:46:34.558299+00:00,57.0,17.0,40.0,161.0
2023-04-03T00:47:34.558299+00:00,80.0,28.0,84.0,191.0
2023-04-03T00:48:34.558299+00:00,45.0,40.0,41.0,31.0
2023-04-03T00:49:34.558299+00:00,57.0,49.0,34.0,222.0
2023-04-03T00:50:34.558299+00:00,82.0,3.0,11.0,78.0
2023-04-03T00:51:34.558299+00:00,81.0,21.0,67.0,262.0
2023-04-03T00:52:34.558299+00:00,83.0,13.0,25.0,111.0
2023-04-03T00:53:34.558299+00:00,29.0,2.0,20.0,136.0
2023-04-03T00:54:34.558299+00:00,71.0,2.0,58.0,46.0
2023-04-03T00:55:34.558299+00:00,72.0,38.0,38.0,118.0
2023-04-03T00:56:34.558299+00:00,87.0,3.0,40.0,47.0
2023-04-03T00:57:34.558299+00:00,100.0,24.0,74.0,95.0
2023-04-03T00:58:34.558299+00:00,75.0,49.0,84.0,252.0
2023-04-03T00:59:34.558299+00:00,49.0,23.0,11.0,203.0
2023-04-03T01:00:34.558299+00:00,65.0,45.0,30.0,68.0
2023-04-03T01:01:34.558299+00:00,35.0,38.0,12.0,234.0
2023-04-03T01:02:34.558299+00:00,52.0,17.0,89.0,262.0
2023-04-03T01:03:34.558299+00:00,18.0,14.0,82.0,44.0
2023-04-03T01:04:34.558299+00:00,26.0,26.0,39.0,33.0
2023-04-03T01:05:34.558299+00:00,34.0,48.0,76.0,94.0
2023-04-03T01:06:34.558299+00:00,60.0,21.0,66.0,181.0
2023-04-03T01:07:34.558299+00:00,7.0,36.0,34.0,32.0
2023-04-03T01:08:34.558299+00:00,74.0,44.0,42.0,146.0
2023-04-03T01:09:34.558299+00:00,95.0,42.0,48.0,93.0
2023-04-03T01:10:34.558299+00:00,70.0,3.0,76.0,119.0
2023-04-03T01:11:34.558299+00:00,39.0,23.0,53.0,71.0
2023-04-03T01:12:34.558299+00:00,84.0,20.0,28.0,142.0
2023-04-03T01:13:34.558299+00:00,93.0,46.0,27.0,165.0
2023-04-03T01:14:34.558299+00:00,91.0,25.0,62.0,123.0
2023-04-03T01:15:34.558299+00:00,48.0,18.0,49.0,156.0
2023-04-03T01:16:34.558299+00:00,3.0,37.0,84.0,121.0
2023-04-03T01:17:34.558299+00:00,60.0,24.0,86.0,6.0
2023-04-03T01:18:34.558299+00:00,50.0,41.0,8.0,194.0
2023-04-03T01:19:34.558299+00:00,74.0,4.0,52.0,172.0
2023-04-03T01:20:34.558299+00:00,60.0,17.0,74.0,87.0
2023-04-03T01:21:34.558299+00:00,19.0,29.0,47.0,33.0
2023-04-03T01:22:34.558299+00:00,8.0,27.0,43.0,146.0
2023-04-03T01:23:34.558299+00:00,7.0,29.0,72.0,37.0
2023-04-03T01:24:34.558299+00:00,49.0,26.0,26.0,25.0
2023-04-03T01:25:34.558299+00:00,13.0,30.0,89.0,28.0
2023-04-03T01:26:34.558299+00:00,34.0,1.0,98.0,280.0
2023-04-03T01:27:34.558299+00:00,86.0,13.0,67.0,247.0
2023-04-03T01:28:34.558299+00:00,26.0,15.0,25.0,177.0
2023-04-03T01:29:34.558299+00:00,72.0,48.0,93.0,133.0
2023-04-03T01:30:34.558299+00:00,34.0,11.0,96.0,47.0
2023-04-03T01:31:34.558299+00:00,95.0,15.0,84.0,191.0
2023-04-03T01:32:34.558299+00:00,34.0,8.0,99.0,96.0
2023-04-03T01:33:34.558299+00:00,40.0,14.0,55.0,55.0
2023-04-03T01:34:34.558299+00:00,13.0,7.0,58.0,294.0
2023-04-03T01:35:34.558299+00:00,74.0,45.0,67.0,5.0
2023-04-03T01:36:34.558299+00:00,32.0,37.0,93.0,113.0
2023-04-03T01:37:34.558299+00:00,34.0,27.0,56.0,239.0
2023-04-03T01:38:34.558299+00:00,8.0,37.0,91.0,208.0
2023-04-03T01:39:34.558299+00:00,35.0,44.0,38.0,93.0
2023-04-03T01:40:34.558299+00:00,14.0,11.0,60.0,218.0
2023-04-03T01:41:34.558299+00:00,22.0,21.0,81.0,125.0
2023-04-03T01:42:34.558299+00:00,95.0,27.0,87.0,68.0
2023-04-03T01:43:34.558299+00:00,80.0,2.0,31.0,251.0
2023-04-03T01:44:34.558299+00:00,25.0,36.0,13.0,176.0
2023-04-03T01:45:34.558299+00:00,40.0,36.0,77.0,193.0
2023-04-03T01:46:34.558299+00:00,7.0,46.0,40.0,57.0
2023-04-03T01:47:34.558299+00:00,3.0,36.0,70.0,239.0
2023-04-03T01:48:34.558299+00:00,55.0,28.0,48.0,25.0
2023-04-03T01:49:34.558299+00:00,37.0,37.0,100.0,200.0
2023-04-03T01:50:34.558299+00:00,43.0,3.0,71.0,171.0
2023-04-03T01:51:34.558299+00:00,88.0,5.0,27.0,174.0
2023-04-03T01:52:34.558299+00:00,39.0,49.0,26.0,0.0
2023-04-03T01:53:34.558299+00:00,7.0,43.0,17.0,40.0
2023-04-03T01:54:34.558299+00:00,11.0,15.0,30.0,25.0
2023-04-03T01:55:34.558299+00:00,7.0,42.0,98.0,230.0
2023-04-03T01:56:34.558299+00:00,40.0,40.0,99.0,66.0
2023-04-03T01:57:34.558299+00:00,25.0,48.0,96.0,205.0
2023-04-03T01:58:34.558299+00:00,74.0,5.0,65.0,186.0
2023-04-03T01:59:34.558299+00:00,80.0,1.0,77.0,181.0
2023-04-03T02:00:34.558299+00:00,34.0,0.0,95.0,281.0
2023-04-03T02:01:34.558299+00:00,8.0,44.0,41.0,116.0
2023-04-03T02:02:34.558299+00:00,71.0,0.0,17.0,135.0
2023-04-03T02:03:34.558299+00:00,30.0,48.0,33.0,43.0
2023-04-03T02:04:34.558299+00:00,65.0,34.0,38.0,28.0
2023-04-03T02:05:34.558299+00:00,72.0,19.0,91.0,278.0
2023-04-03T02:06:34.558299+00:00,80.0,37.0,22.0,24.0
2023-04-03T02:07:34.558299+00:00,57.0,15.0,69.0,127.0
2023-04-03T02:08:34.558299+00:00,100.0,45.0,64.0,265.0
2023-04-03T02:09:34.558299+00:00,30.0,8.0,89.0,197.0
2023-04-03T02:10:34.558299+00:00,4.0,1.0,42.0,260.0
2023-04-03T02:11:34.558299+00:00,25.0,40.0,72.0,128.0
2023-04-03T02:12:34.558299+00:00,22.0,14.0,35.0,178.0
2023-04-03T02:13:34.558299+00:00,53.0,13.0,7.0,10.0
2023-04-03T02:14:34.558299+00:00,74.0,47.0,86.0,90.0
2023-04-03T02:15:34.558299+00:00,0.0,8.0,34.0,18.0
2023-04-03T02:16:34.558299+00:00,66.0,23.0,68.0,10.0
2023-04-03T02:17:34.558299+00:00,88.0,48.0,4.0,106.0
2023-04-03T02:18:34.558299+00:00,20.0,29.0,57.0,144.0
2023-04-03T02:19:34.558299+00:00,67.0,18.0,5.0,108.0
2023-04-03T02:20:34.558299+00:00,88.0,20.0,80.0,238.0
2023-04-03T02:21:34.558299+00:00,66.0,47.0,20.0,216.0
2023-04-03T02:22:34.558299+00:00,55.0,38.0,99.0,67.0
2023-04-03T02:23:34.558299+00:00,47.0,35.0,97.0,225.0
2023-04-03T02:24:34.558299+00:00,26.0,7.0,100.0,286.0
2023-04-03T02:25:34.558299+00:00,31.0,23.0,15.0,168.0
2023-04-03T02:26:34.558299+00:00,83.0,41.0,91.0,151.0
2023-04-03T02:27:34.558299+00:00,44.0,18.0,30.0,284.0
2023-04-03T02:28:34.558299+00:00,24.0,33.0,93.0,84.0
2023-04-03T02:29:34.558299+00:00,6.0,3.0,43.0,135.0
2023-04-03T02:30:34.558299+00:00,16.0,24.0,5.0,34.0
2023-04-03T02:31:34.558299+00:00,70.0,23.0,100.0,285.0
2023-04-03T02:32:34.558299+00:00,70.0,19.0,14.0,87.0
2023-04-03T02:33:34.558299+00:00,67.0,9.0,17.0,176.0
2023-04-03T02:34:34.558299+00:00,82.0,7.0,41.0,222.0
2023-04-03T02:35:34.558299+00:00,40.0,14.0,93.0,39.0
2023-04-03T02:36:34.558299+00:00,53.0,10.0,18.0,299.0
2023-04-03T02:37:34.558299+00:00,36.0,5.0,38.0,235.0
2023-04-03T02:38:34.558299+00:00,37.0,26.0,82.0,274.0
2023-04-03T02:39:34.558299+00:00,57.0,15.0,62.0,291.0
2023-04-03T02:40:34.558299+00:00,44.0,18.0,58.0,37.0
2023-04-03T02:41:34.558299+00:00,76.0,38.0,99.0,291.0
2023-04-03T02:42:34.558299+00:00,52.0,50.0,42.0,108.0
2023-04-03T02:43:34.558299+00:00,20.0,20.0,80.0,30.0
2023-04-03T02:44:34.558299+00:00,4.0,30.0,16.0,212.0
2023-04-03T02:45:34.558299+00:00,79.0,30.0,9.0,49.0
2023-04-03T02:46:34.558299+00:00,68.0,29.0,10.0,297.0
2023-04-03T02:47:34.558299+00:00,67.0,45.0,71.0,114.0
2023-04-03T02:48:34.558299+00:00,47.0,17.0,91.0,180.0
2023-04-03T02:49:34.558299+00:00,78.0,42.0,19.0,273.0
2023-04-03T02:50:34.558299+00:00,33.0,27.0,70.0,200.0
2023-04-03T02:51:34.558299+00:00,97.0,50.0,34.0,290.0
2023-04-03T02:52:34.558299+00:00,74.0,24.0,6.0,171.0
2023-04-03T02:53:34.558299+00:00,88.0,20.0,52.0,161.0
2023-04-03T02:54:34.558299+00:00,78.0,1.0,59.0,77.0
2023-04-03T02:55:34.558299+00:00,17.0,21.0,92.0,191.0
2023-04-03T02:56:34.558299+00:00,65.0,41.0,15.0,299.0
2023-04-03T02:57:34.558299+00:00,97.0,49.0,7.0,172.0
2023-04-03T02:58:34.558299+00:00,26.0,6.0,3.0,46.0
2023-04-03T02:59:34.558299+00:00,14.0,23.0,48.0,272.0
2023-04-03T03:00:34.558299+00:00,18.0,4.0,6.0,259.0
2023-04-03T03:01:34.558299+00:00,28.0,47.0,88.0,90.0
2023-04-03T03:02:34.558299+00:00,46.0,30.0,40.0,39.0
2023-04-03T03:03:34.558299+00:00,4.0,32.0,89.0,26.0
2023-04-03T03:04:34.558299+00:00,7.0,50.0,31.0,42.0
2023-04-03T03:05:34.558299+00:00,76.0,25.0,14.0,120.0
2023-04-03T03:06:34.558299+00:00,18.0,0.0,84.0,15.0
2023-04-03T03:07:34.558299+00:00,44.0,15.0,56.0,38.0
2023-04-03T03:08:34.558299+00:00,86.0,5.0,79.0,221.0
2023-04-03T03:09:34.558299+00:00,86.0,14.0,3.0,11.0
2023-04-03T03:10:34.558299+00:00,70.0,37.0,86.0,225.0
2023-04-03T03:11:34.558299+00:00,45.0,29.0,83.0,211.0
2023-04-03T03:12:34.558299+00:00,45.0,37.0,80.0,191.0
2023-04-03T03:13:34.558299+00:00,33.0,50.0,29.0,51.0
2023-04-03T03:14:34.558299+00:00,85.0,18.0,11.0,192.0
2023-04-03T03:15:34.558299+00:00,32.0,21.0,4.0,269.0
2023-04-03T03:16:34.558299+00:00,59.0,3.0,16.0,0.0
2023-04-03T03:17:34.558299+00:00,54.0,36.0,66.0,254.0
2023-04-03T03:18:34.558299+00:00,81.0,31.0,1.0,165.0
2023-04-03T03:19:34.558299+00:00,57.0,50.0,29.0,71.0
2023-04-03T03:20:34.558299+00:00,62.0,0.0,63.0,132.0
2023-04-03T03:21:34.558299+00:00,39.0,16.0,93.0,19.0
2023-04-03T03:22:34.558299+00:00,93.0,45.0,19.0,269.0
2023-04-03T03:23:34.558299+00:00,92.0,23.0,23.0,11.0
2023-04-03T03:24:34.558299+00:00,7.0,50.0,16.0,255.0
2023-04-03T03:25:34.558299+00:00,51.0,45.0,28.0,34.0
2023-04-03T03:26:34.558299+00:00,80.0,6.0,19.0,203.0
2023-04-03T03:27:34.558299+00:00,27.0,38.0,31.0,192.0
2023-04-03T03:28:34.558299+00:00,82.0,1.0,32.0,8.0
2023-04-03T03:29:34.558299+00:00,26.0,31.0,45.0,61.0
2023-04-03T03:30:34.558299+00:00,16.0,20.0,14.0,31.0
2023-04-03T03:31:34.558299+00:00,15.0,14.0,39.0,58.0
2023-04-03T03:32:34.558299+00:00,48.0,26.0,38.0,92.0
2023-04-03T03:33:34.558299+00:00,29.0,12.0,36.0,6.0
2023-04-03T03:34:34.558299+00:00,80.0,27.0,74.0,254.0
2023-04-03T03:35:34.558299+00:00,81.0,17.0,72.0,220.0
2023-04-03T03:36:34.558299+00:00,51.0,21.0,34.0,224.0
2023-04-03T03:37:34.558299+00:00,87.0,10.0,62.0,293.0
2023-04-03T03:38:34.558299+00:00,35.0,44.0,1.0,129.0
2023-04-03T03:39:34.558299+00:00,92.0,9.0,18.0,204.0
2023-04-03T03:40:34.558299+00:00,81.0,47.0,89.0,243.0
2023-04-03T03:41:34.558299+00:00,82.0,2.0,50.0,153.0
2023-04-03T03:42:34.558299+00:00,92.0,1.0,12.0,101.0
2023-04-03T03:43:34.558299+00:00,61.0,27.0,8.0,38.0
2023-04-03T03:44:34.558299+00:00,12.0,44.0,43.0,182.0
2023-04-03T03:45:34.558299+00:00,80.0,24.0,4.0,296.0
2023-04-03T03:46:34.558299+00:00,94.0,30.0,53.0,173.0
2023-04-03T03:47:34.558299+00:00,65.0,22.0,78.0,34.0
2023-04-03T03:48:34.558299+00:00,22.0,47.0,7.0,280.0
2023-04-03T03:49:34.558299+00:00,33.0,20.0,7.0,284.0
2023-04-03T03:50:34.558299+00:00,16.0,15.0,35.0,53.0
2023-04-03T03:51:34.558299+00:00,36.0,15.0,36.0,94.0
2023-04-03T03:52:34.558299+00:00,96.0,33.0,28.0,37.0
2023-04-03T03:53:34.558299+00:00,2.0,12.0,68.0,30.0
2023-04-03T03:54:34.558299+00:00,0.0,15.0,62.0,178.0
2023-04-03T03:55:34.558299+00:00,69.0,12.0,95.0,83.0
2023-04-03T03:56:34.558299+00:00,56.0,20.0,16.0,144.0
2023-04-03T03:57:34.558299+00:00,14.0,43.0,93.0,13.0
2023-04-03T03:58:34.558299+00:00,92.0,24.0,51.0,297.0
2023-04-03T03:59:34.558299+00:00,14.0,41.0,3.0,142.0
2023-04-03T04:00:34.558299+00:00,39.0,28.0,51.0,160.0
2023-04-03T04:01:34.558299+00:00,96.0,26.0,71.0,124.0
2023-04-03T04:02:34.558299+00:00,4.0,28.0,64.0,112.0
2023-04-03T04:03:34.558299+00:00,17.0,36.0,24.0,57.0
2023-04-03T04:04:34.558299+00:00,81.0,8.0,59.0,157.0
2023-04-03T04:05:34.558299+00:00,69.0,3.0,57.0,160.0
2023-04-03T04:06:34.558299+00:00,11.0,39.0,9.0,180.0
2023-04-03T04:07:34.558299+00:00,48.0,34.0,95.0,38.0
2023-04-03T04:08:34.558299+00:00,29.0,35.0,60.0,256.0
2023-04-03T04:09:34.558299+00:00,79.0,28.0,96.0,277.0
2023-04-03T04:10:34.558299+00:00,85.0,42.0,27.0,174.0
2023-04-03T04:11:34.558299+00:00,30.0,19.0,47.0,134.0
2023-04-03T04:12:34.558299+00:00,41.0,26.0,24.0,293.0
2023-04-03T04:13:34.558299+00:00,60.0,26.0,2.0,36.0
2023-04-03T04:14:34.558299+00:00,60.0,8.0,41.0,243.0
2023-04-03T04:15:34.558299+00:00,32.0,13.0,16.0,99.0
2023-04-03T04:16:34.558299+00:00,81.0,12.0,68.0,289.0
2023-04-03T04:17:34.558299+00:00,23.0,40.0,70.0,265.0
2023-04-03T04:18:34.558299+00:00,19.0,42.0,64.0,282.0
2023-04-03T04:19:34.558299+00:00,47.0,6.0,15.0,139.0
2023-04-03T04:20:34.558299+00:00,100.0,31.0,35.0,178.0
2023-04-03T04:21:34.558299+00:00,57.0,25.0,76.0,176.0
2023-04-03T04:22:34.558299+00:00,62.0,35.0,92.0,21.0
2023-04-03T04:23:34.558299+00:00,47.0,19.0,79.0,77.0
2023-04-03T04:24:34.558299+00:00,91.0,3.0,35.0,120.0
2023-04-03T04:25:34.558299+00:00,75.0,6.0,99.0,261.0
2023-04-03T04:26:34.558299+00:00,49.0,1.0,4.0,133.0
2023-04-03T04:27:34.558299+00:00,33.0,15.0,28.0,297.0
2023-04-03T04:28:34.558299+00:00,76.0,6.0,44.0,221.0
2023-04-03T04:29:34.558299+00:00,78.0,30.0,61.0,158.0
2023-04-03T04:30:34.558299+00:00,59.0,48.0,44.0,85.0
2023-04-03T04:31:34.558299+00:00,88.0,1.0,44.0,78.0
2023-04-03T04:32:34.558299+00:00,8.0,6.0,2.0,30.0
2023-04-03T04:33:34.558299+00:00,65.0,39.0,9.0,201.0
2023-04-03T04:34:34.558299+00:00,51.0,46.0,77.0,41.0
2023-04-03T04:35:34.558299+00:00,26.0,34.0,36.0,278.0
2023-04-03T04:36:34.558299+00:00,42.0,9.0,80.0,3.0
2023-04-03T04:37:34.558299+00:00,27.0,31.0,92.0,110.0
2023-04-03T04:38:34.558299+00:00,85.0,42.0,40.0,38.0
2023-04-03T04:39:34.558299+00:00,37.0,20.0,89.0,90.0
2023-04-03T04:40:34.558299+00:00,14.0,40.0,84.0,289.0
2023-04-03T04:41:34.558299+00:00,60.0,12.0,74.0,273.0
2023-04-03T04:42:34.558299+00:00,81.0,2.0,36.0,14.0
2023-04-03T04:43:34.558299+00:00,1.0,36.0,82.0,256.0
2023-04-03T04:44:34.558299+00:00,1.0,49.0,68.0,214.0
2023-04-03T04:45:34.558299+00:00,29.0,45.0,55.0,21.0
2023-04-03T04:46:34.558299+00:00,85.0,10.0,42.0,270.0
2023-04-03T04:47:34.558299+00:00,67.0,18.0,17.0,257.0
2023-04-03T04:48:34.558299+00:00,78.0,3.0,28.0,86.0
2023-04-03T04:49:34.558299+00:00,12.0,25.0,47.0,288.0
2023-04-03T04:50:34.558299+00:00,11.0,38.0,72.0,202.0
2023-04-03T04:51:34.558299+00:00,98.0,3.0,69.0,94.0
2023-04-03T04:52:34.558299+00:00,68.0,25.0,13.0,235.0
2023-04-03T04:53:34.558299+00:00,53.0,28.0,32.0,47.0
2023-04-03T04:54:34.558299+00:00,81.0,20.0,25.0,49.0
2023-04-03T04:55:34.558299+00:00,71.0,50.0,82.0,87.0
2023-04-03T04:56:34.558299+00:00,51.0,21.0,7.0,109.0
2023-04-03T04:57:34.558299+00:00,26.0,49.0,75.0,216.0
2023-04-03T04:58:34.558299+00:00,72.0,6.0,66.0,128.0
2023-04-03T04:59:34.558299+00:00,13.0,0.0,13.0,176.0
2023-04-03T05:00:34.558299+00:00,69.0,46.0,69.0,100.0
2023-04-03T05:01:34.558299+00:00,11.0,40.0,14.0,23.0
2023-04-03T05:02:34.558299+00:00,27.0,29.0,68.0,207.0
2023-04-03T05:03:34.558299+00:00,86.0,40.0,10.0,126.0
2023-04-03T05:04:34.558299+00:00,6.0,15.0,58.0,139.0
2023-04-03T05:05:34.558299+00:00,52.0,17.0,9.0,286.0
2023-04-03T05:06:34.558299+00:00,8.0,26.0,17.0,166.0
2023-04-03T05:07:34.558299+00:00,85.0,15.0,31.0,137.0
2023-04-03T05:08:34.558299+00:00,89.0,18.0,27.0,89.0
2023-04-03T05:09:34.558299+00:00,23.0,22.0,94.0,294.0
2023-04-03T05:10:34.558299+00:00,45.0,21.0,85.0,9.0
2023-04-03T05:11:34.558299+00:00,22.0,7.0,3.0,121.0
2023-04-03T05:12:34.558299+00:00,21.0,37.0,46.0,85.0
2023-04-03T05:13:34.558299+00:00,3.0,13.0,31.0,45.0
2023-04-03T05:14:34.558299+00:00,81.0,2.0,73.0,163.0
2023-04-03T05:15:34.558299+00:00,23.0,17.0,58.0,286.0
2023-04-03T05:16:34.558299+00:00,56.0,17.0,78.0,94.0
2023-04-03T05:17:34.558299+00:00,17.0,33.0,44.0,118.0
2023-04-03T05:18:34.558299+00:00,77.0,15.0,3.0,122.0
2023-04-03T05:19:34.558299+00:00,9.0,46.0,42.0,19.0
2023-04-03T05:20:34.558299+00:00,41.0,29.0,80.0,230.0
2023-04-03T05:21:34.558299+00:00,65.0,40.0,17.0,76.0
2023-04-03T05:22:34.558299+00:00,71.0,43.0,20.0,57.0
2023-04-03T05:23:34.558299+00:00,74.0,45.0,0.0,44.0
2023-04-03T05:24:34.558299+00:00,20.0,20.0,85.0,204.0
2023-04-03T05:25:34.558299+00:00,86.0,48.0,22.0,20.0
2023-04-03T05:26:34.558299+00:00,94.0,38.0,81.0,243.0
2023-04-03T05:27:34.558299+00:00,9.0,9.0,100.0,98.0
2023-04-03T05:28:34.558299+00:00,16.0,37.0,55.0,12.0
2023-04-03T05:29:34.558299+00:00,94.0,40.0,85.0,178.0
2023-04-03T05:30:34.558299+00:00,78.0,50.0,37.0,183.0
2023-04-03T05:31:34.558299+00:00,56.0,18.0,67.0,286.0
2023-04-03T05:32:34.558299+00:00,40.0,42.0,28.0,298.0
2023-04-03T05:33:34.558299+00:00,31.0,31.0,64.0,279.0
2023-04-03T05:34:34.558299+00:00,96.0,30.0,92.0,242.0
2023-04-03T05:35:34.558299+00:00,58.0,9.0,25.0,271.0
2023-04-03T05:36:34.558299+00:00,30.0,45.0,92.0,201.0
2023-04-03T05:37:34.558299+00:00,4.0,6.0,53.0,119.0
2023-04-03T05:38:34.558299+00:00,72.0,3.0,70.0,285.0
2023-04-03T05:39:34.558299+00:00,97.0,17.0,6.0,295.0
2023-04-03T05:40:34.558299+00:00,15.0,28.0,76.0,181.0
2023-04-03T05:41:34.558299+00:00,9.0,49.0,8.0,210.0
2023-04-03T05:42:34.558299+00:00,40.0,4.0,66.0,285.0
2023-04-03T05:43:34.558299+00:00,54.0,22.0,73.0,178.0
2023-04-03T05:44:34.558299+00:00,1.0,3.0,4.0,108.0
2023-04-03T05:45:34.558299+00:00,28.0,31.0,6.0,57.0
2023-04-03T05:46:34.558299+00:00,74.0,37.0,14.0,97.0
2023-04-03T05:47:34.558299+00:00,54.0,37.0,70.0,279.0
2023-04-03T05:48:34.558299+00:00,31.0,47.0,24.0,246.0
2023-04-03T05:49:34.558299+00:00,58.0,33.0,51.0,0.0
2023-04-03T05:50:34.558299+00:00,91.0,27.0,50.0,284.0
2023-04-03T05:51:34.558299+00:00,24.0,38.0,32.0,170.0
2023-04-03T05:52:34.558299+00:00,97.0,47.0,2.0,22.0
2023-04-03T05:53:34.558299+00:00,0.0,14.0,91.0,259.0
2023-04-03T05:54:34.558299+00:00,21.0,22.0,58.0,160.0
2023-04-03T05:55:34.558299+00:00,50.0,26.0,40.0,0.0
2023-04-03T05:56:34.558299+00:00,23.0,6.0,48.0,229.0
2023-04-03T05:57:34.558299+00:00,17.0,27.0,59.0,88.0
2023-04-03T05:58:34.558299+00:00,23.0,11.0,46.0,162.0
2023-04-03T05:59:34.558299+00:00,4.0,25.0,32.0,248.0
2023-04-03T06:00:34.558299+00:00,98.0,16.0,28.0,194.0
2023-04-03T06:01:34.558299+00:00,16.0,36.0,80.0,280.0
2023-04-03T06:02:34.558299+00:00,86.0,38.0,17.0,300.0
2023-04-03T06:03:34.558299+00:00,68.0,22.0,45.0,164.0
2023-04-03T06:04:34.558299+00:00,78.0,40.0,13.0,115.0
2023-04-03T06:05:34.558299+00:00,82.0,17.0,96.0,212.0
2023-04-03T06:06:34.558299+00:00,22.0,48.0,8.0,203.0
2023-04-03T06:07:34.558299+00:00,88.0,10.0,89.0,97.0
2023-04-03T06:08:34.558299+00:00,37.0,15.0,60.0,207.0
2023-04-03T06:09:34.558299+00:00,85.0,49.0,2.0,111.0
2023-04-03T06:10:34.558299+00:00,13.0,16.0,96.0,144.0
2023-04-03T06:11:34.558299+00:00,60.0,8.0,40.0,92.0
2023-04-03T06:12:34.558299+00:00,54.0,25.0,79.0,155.0
2023-04-03T06:13:34.558299+00:00,18.0,32.0,38.0,293.0
2023-04-03T06:14:34.558299+00:00,56.0,13.0,72.0,108.0
2023-04-03T06:15:34.558299+00:00,0.0,24.0,4.0,102.0
2023-04-03T06:16:34.558299+00:00,89.0,34.0,64.0,206.0
2023-04-03T06:17:34.558299+00:00,2.0,2.0,9.0,144.0
2023-04-03T06:18:34.558299+00:00,68.0,44.0,44.0,137.0
2023-04-03T06:19:34.558299+00:00,10.0,50.0,77.0,29.0
2023-04-03T06:20:34.558299+00:00,44.0,14.0,33.0,271.0
2023-04-03T06:21:34.558299+00:00,46.0,21.0,79.0,62.0
2023-04-03T06:22:34.558299+00:00,24.0,38.0,75.0,277.0
2023-04-03T06:23:34.558299+00:00,71.0,11.0,46.0,299.0
2023-04-03T06:24:34.558299+00:00,42.0,2.0,58.0,228.0
2023-04-03T06:25:34.558299+00:00,90.0,0.0,7.0,15.0
2023-04-03T06:26:34.558299+00:00,26.0,18.0,55.0,209.0
2023-04-03T06:27:34.558299+00:00,24.0,3.0,83.0,109.0
2023-04-03T06:28:34.558299+00:00,31.0,48.0,63.0,27.0
2023-04-03T06:29:34.558299+00:00,52.0,49.0,47.0,82.0
2023-04-03T06:30:34.558299+00:00,97.0,29.0,98.0,39.0
2023-04-03T06:31:34.558299+00:00,46.0,40.0,6.0,224.0
2023-04-03T06:32:34.558299+00:00,37.0,12.0,19.0,238.0
2023-04-03T06:33:34.558299+00:00,48.0,32.0,54.0,278.0
2023-04-03T06:34:34.558299+00:00,73.0,43.0,33.0,234.0
2023-04-03T06:35:34.558299+00:00,92.0,32.0,68.0,29.0
2023-04-03T06:36:34.558299+00:00,26.0,24.0,65.0,18.0
2023-04-03T06:37:34.558299+00:00,64.0,33.0,8.0,181.0
2023-04-03T06:38:34.558299+00:00,98.0,25.0,65.0,97.0
2023-04-03T06:39:34.558299+00:00,77.0,30.0,69.0,24.0
2023-04-03T06:40:34.558299+00:00,8.0,24.0,35.0,99.0
2023-04-03T06:41:34.558299+00:00,75.0,38.0,61.0,150.0
2023-04-03T06:42:34.558299+00:00,21.0,9.0,75.0,280.0
2023-04-03T06:43:34.558299+00:00,35.0,27.0,60.0,101.0
2023-04-03T06:44:34.558299+00:00,21.0,36.0,59.0,81.0
2023-04-03T06:45:34.558299+00:00,10.0,14.0,71.0,235.0
2023-04-03T06:46:34.558299+00:00,88.0,41.0,1.0,235.0
2023-04-03T06:47:34.558299+00:00,23.0,11.0,70.0,184.0
2023-04-03T06:48:34.558299+00:00,75.0,31.0,49.0,22.0
2023-04-03T06:49:34.558299+00:00,31.0,16.0,25.0,298.0
2023-04-03T06:50:34.558299+00:00,38.0,23.0,21.0,257.0
2023-04-03T06:51:34.558299+00:00,15.0,25.0,10.0,126.0
2023-04-03T06:52:34.558299+00:00,78.0,20.0,78.0,70.0
2023-04-03T06:53:34.558299+00:00,21.0,13.0,10.0,293.0
2023-04-03T06:54:34.558299+00:00,22.0,2.0,8.0,22.0
2023-04-03T06:55:34.558299+00:00,43.0,10.0,61.0,151.0
2023-04-03T06:56:34.558299+00:00,49.0,49.0,10.0,123.0
2023-04-03T06:57:34.558299+00:00,82.0,27.0,65.0,26.0
2023-04-03T06:58:34.558299+00:00,50.0,37.0,45.0,154.0
2023-04-03T06:59:34.558299+00:00,12.0,15.0,80.0,219.0
2023-04-03T07:00:34.558299+00:00,37.0,16.0,20.0,159.0
2023-04-03T07:01:34.558299+00:00,31.0,32.0,78.0,188.0
2023-04-03T07:02:34.558299+00:00,54.0,9.0,34.0,226.0
2023-04-03T07:03:34.558299+00:00,72.0,26.0,55.0,148.0
2023-04-03T07:04:34.558299+00:00,87.0,11.0,68.0,233.0
2023-04-03T07:05:34.558299+00:00,50.0,4.0,57.0,142.0
2023-04-03T07:06:34.558299+00:00,67.0,30.0,43.0,31.0
2023-04-03T07:07:34.558299+00:00,37.0,13.0,41.0,221.0
2023-04-03T07:08:34.558299+00:00,56.0,26.0,95.0,168.0
2023-04-03T07:09:34.558299+00:00,31.0,32.0,74.0,112.0
2023-04-03T07:10:34.558299+00:00,38.0,36.0,16.0,197.0
2023-04-03T07:11:34.558299+00:00,1.0,41.0,18.0,188.0
2023-04-03T07:12:34.558299+00:00,2.0,20.0,46.0,7.0
2023-04-03T07:13:34.558299+00:00,10.0,27.0,70.0,269.0
2023-04-03T07:14:34.558299+00:00,81.0,47.0,36.0,171.0
2023-04-03T07:15:34.558299+00:00,3.0,45.0,87.0,168.0
2023-04-03T07:16:34.558299+00:00,12.0,12.0,44.0,287.0
2023-04-03T07:17:34.558299+00:00,81.0,11.0,4.0,43.0
2023-04-03T07:18:34.558299+00:00,95.0,11.0,86.0,160.0
2023-04-03T07:19:34.558299+00:00,51.0,6.0,25.0,271.0
2023-04-03T07:20:34.558299+00:00,19.0,6.0,81.0,201.0
2023-04-03T07:21:34.558299+00:00,91.0,1.0,75.0,217.0
2023-04-03T07:22:34.558299+00:00,67.0,38.0,47.0,153.0
2023-04-03T07:23:34.558299+00:00,13.0,18.0,95.0,230.0
2023-04-03T07:24:34.558299+00:00,18.0,25.0,36.0,171.0
2023-04-03T07:25:34.558299+00:00,75.0,46.0,1.0,144.0
2023-04-03T07:26:34.558299+00:00,7.0,38.0,63.0,227.0
2023-04-03T07:27:34.558299+00:00,51.0,50.0,62.0,220.0
2023-04-03T07:28:34.558299+00:00,100.0,2.0,30.0,2.0
2023-04-03T07:29:34.558299+00:00,47.0,25.0,0.0,270.0
2023-04-03T07:30:34.558299+00:00,32.0,41.0,34.0,278.0
2023-04-03T07:31:34.558299+00:00,36.0,29.0,47.0,135.0
2023-04-03T07:32:34.558299+00:00,43.0,1.0,44.0,292.0
2023-04-03T07:33:34.558299+00:00,76.0,42.0,3.0,297.0
2023-04-03T07:34:34.558299+00:00,71.0,37.0,17.0,260.0
2023-04-03T07:35:34.558299+00:00,60.0,37.0,81.0,131.0
2023-04-03T07:36:34.558299+00:00,62.0,13.0,76.0,294.0
2023-04-03T07:37:34.558299+00:00,56.0,35.0,55.0,163.0
2023-04-03T07:38:34.558299+00:00,12.0,9.0,100.0,159.0
2023-04-03T07:39:34.558299+00:00,8.0,19.0,63.0,192.0
2023-04-03T07:40:34.558299+00:00,69.0,15.0,34.0,261.0
2023-04-03T07:41:34.558299+00:00,45.0,24.0,47.0,272.0
2023-04-03T07:42:34.558299+00:00,79.0,38.0,84.0,256.0
2023-04-03T07:43:34.558299+00:00,84.0,4.0,38.0,178.0
2023-04-03T07:44:34.558299+00:00,6.0,1.0,94.0,184.0
2023-04-03T07:45:34.558299+00:00,62.0,31.0,64.0,36.0
2023-04-03T07:46:34.558299+00:00,74.0,34.0,30.0,149.0
2023-04-03T07:47:34.558299+00:00,11.0,4.0,53.0,124.0
2023-04-03T07:48:34.558299+00:00,52.0,43.0,80.0,120.0
2023-04-03T07:49:34.558299+00:00,86.0,7.0,62.0,162.0
2023-04-03T07:50:34.558299+00:00,15.0,21.0,80.0,158.0
2023-04-03T07:51:34.558299+00:00,10.0,48.0,58.0,1.0
2023-04-03T07:52:34.558299+00:00,79.0,13.0,75.0,266.0
2023-04-03T07:53:34.558299+00:00,99.0,13.0,21.0,125.0
2023-04-03T07:54:34.558299+00:00,96.0,22.0,37.0,236.0
2023-04-03T07:55:34.558299+00:00,18.0,43.0,84.0,229.0
2023-04-03T07:56:34.558299+00:00,45.0,22.0,24.0,230.0
2023-04-03T07:57:34.558299+00:00,17.0,44.0,77.0,54.0
2023-04-03T07:58:34.558299+00:00,44.0,39.0,69.0,245.0
2023-04-03T07:59:34.558299+00:00,94.0,43.0,27.0,209.0
2023-04-03T08:00:34.558299+00:00,34.0,27.0,84.0,195.0
2023-04-03T08:01:34.558299+00:00,85.0,43.0,99.0,166.0
2023-04-03T08:02:34.558299+00:00,30.0,38.0,29.0,105.0
2023-04-03T08:03:34.558299+00:00,58.0,45.0,58.0,44.0
2023-04-03T08:04:34.558299+00:00,48.0,0.0,91.0,216.0
2023-04-03T08:05:34.558299+00:00,13.0,45.0,97.0,110.0
2023-04-03T08:06:34.558299+00:00,94.0,28.0,90.0,38.0
2023-04-03T08:07:34.558299+00:00,74.0,3.0,36.0,13.0
2023-04-03T08:08:34.558299+00:00,69.0,13.0,33.0,114.0
2023-04-03T08:09:34.558299+00:00,17.0,10.0,16.0,273.0
2023-04-03T08:10:34.558299+00:00,75.0,28.0,8.0,261.0
2023-04-03T08:11:34.558299+00:00,15.0,8.0,40.0,15.0
2023-04-03T08:12:34.558299+00:00,42.0,7.0,91.0,155.0
2023-04-03T08:13:34.558299+00:00,38.0,8.0,4.0,122.0
2023-04-03T08:14:34.558299+00:00,14.0,41.0,2.0,11.0
2023-04-03T08:15:34.558299+00:00,7.0,20.0,64.0,141.0
2023-04-03T08:16:34.558299+00:00,60.0,21.0,66.0,123.0
2023-04-03T08:17:34.558299+00:00,40.0,13.0,4.0,165.0
2023-04-03T08:18:34.558299+00:00,93.0,21.0,32.0,101.0
2023-04-03T08:19:34.558299+00:00,97.0,24.0,24.0,194.0
2023-04-03T08:20:34.558299+00:00,47.0,15.0,74.0,265.0
2023-04-03T08:21:34.558299+00:00,48.0,7.0,34.0,22.0
2023-04-03T08:22:34.558299+00:00,49.0,18.0,82.0,103.0
2023-04-03T08:23:34.558299+00:00,85.0,40.0,14.0,69.0
2023-04-03T08:24:34.558299+00:00,59.0,15.0,100.0,126.0
2023-04-03T08:25:34.558299+00:00,74.0,15.0,46.0,59.0
2023-04-03T08:26:34.558299+00:00,0.0,39.0,38.0,239.0
2023-04-03T08:27:34.558299+00:00,43.0,23.0,44.0,69.0
2023-04-03T08:28:34.558299+00:00,76.0,19.0,16.0,276.0
2023-04-03T08:29:34.558299+00:00,61.0,9.0,93.0,164.0
2023-04-03T08:30:34.558299+00:00,13.0,43.0,84.0,210.0
2023-04-03T08:31:34.558299+00:00,29.0,8.0,44.0,254.0
2023-04-03T08:32:34.558299+00:00,93.0,28.0,43.0,257.0
2023-04-03T08:33:34.558299+00:00,2.0,14.0,77.0,255.0
2023-04-03T08:34:34.558299+00:00,14.0,48.0,30.0,225.0
2023-04-03T08:35:34.558299+00:00,31.0,20.0,59.0,16.0
2023-04-03T08:36:34.558299+00:00,76.0,1.0,30.0,268.0
2023-04-03T08:37:34.558299+00:00,12.0,24.0,93.0,244.0
2023-04-03T08:38:34.558299+00:00,28.0,16.0,85.0,256.0
2023-04-03T08:39:34.558299+00:00,68.0,44.0,6.0,170.0
2023-04-03T08:40:34.558299+00:00,85.0,31.0,85.0,178.0
2023-04-03T08:41:34.558299+00:00,18.0,7.0,42.0,54.0
2023-04-03T08:42:34.558299+00:00,58.0,39.0,90.0,204.0
2023-04-03T08:43:34.558299+00:00,99.0,32.0,50.0,75.0
2023-04-03T08:44:34.558299+00:00,54.0,18.0,55.0,236.0
2023-04-03T08:45:34.558299+00:00,82.0,19.0,58.0,145.0
2023-04-03T08:46:34.558299+00:00,71.0,22.0,87.0,100.0
2023-04-03T08:47:34.558299+00:00,57.0,26.0,39.0,161.0
2023-04-03T08:48:34.558299+00:00,47.0,38.0,93.0,225.0
2023-04-03T08:49:34.558299+00:00,51.0,1.0,63.0,81.0
2023-04-03T08:50:34.558299+00:00,76.0,9.0,86.0,224.0
2023-04-03T08:51:34.558299+00:00,88.0,25.0,13.0,63.0
2023-04-03T08:52:34.558299+00:00,14.0,14.0,18.0,205.0
2023-04-03T08:53:34.558299+00:00,70.0,36.0,26.0,67.0
2023-04-03T08:54:34.558299+00:00,98.0,44.0,65.0,211.0
2023-04-03T08:55:34.558299+00:00,30.0,45.0,72.0,239.0
2023-04-03T08:56:34.558299+00:00,59.0,23.0,33.0,189.0
2023-04-03T08:57:34.558299+00:00,26.0,19.0,96.0,122.0
2023-04-03T08:58:34.558299+00:00,69.0,10.0,50.0,47.0
2023-04-03T08:59:34.558299+00:00,96.0,33.0,91.0,0.0
2023-04-03T09:00:34.558299+00:00,85.0,48.0,66.0,190.0
2023-04-03T09:01:34.558299+00:00,8.0,2.0,96.0,220.0
2023-04-03T09:02:34.558299+00:00,64.0,21.0,56.0,288.0
2023-04-03T09:03:34.558299+00:00,23.0,12.0,2.0,219.0
2023-04-03T09:04:34.558299+00:00,62.0,4.0,16.0,97.0
2023-04-03T09:05:34.558299+00:00,66.0,19.0,78.0,14.0
2023-04-03T09:06:34.558299+00:00,100.0,2.0,65.0,215.0
2023-04-03T09:07:34.558299+00:00,92.0,32.0,74.0,208.0
2023-04-03T09:08:34.558299+00:00,37.0,39.0,77.0,265.0
2023-04-03T09:09:34.558299+00:00,97.0,2.0,38.0,167.0
2023-04-03T09:10:34.558299+00:00,39.0,21.0,6.0,208.0
2023-04-03T09:11:34.558299+00:00,47.0,46.0,93.0,198.0
2023-04-03T09:12:34.558299+00:00,90.0,1.0,98.0,182.0
2023-04-03T09:13:34.558299+00:00,21.0,14.0,85.0,33.0
2023-04-03T09:14:34.558299+00:00,22.0,32.0,10.0,238.0
2023-04-03T09:15:34.558299+00:00,93.0,33.0,35.0,37.0
2023-04-03T09:16:34.558299+00:00,49.0,28.0,38.0,263.0
2023-04-03T09:17:34.558299+00:00,47.0,12.0,43.0,227.0
2023-04-03T09:18:34.558299+00:00,76.0,5.0,32.0,120.0
2023-04-03T09:19:34.558299+00:00,25.0,6.0,83.0,225.0
2023-04-03T09:20:34.558299+00:00,98.0,7.0,10.0,2.0
2023-04-03T09:21:34.558299+00:00,62.0,34.0,10.0,111.0
2023-04-03T09:22:34.558299+00:00,67.0,13.0,92.0,22.0
2023-04-03T09:23:34.558299+00:00,92.0,39.0,81.0,111.0
2023-04-03T09:24:34.558299+00:00,10.0,26.0,12.0,173.0
2023-04-03T09:25:34.558299+00:00,7.0,46.0,21.0,39.0
2023-04-03T09:26:34.558299+00:00,29.0,34.0,76.0,172.0
2023-04-03T09:27:34.558299+00:00,16.0,7.0,89.0,25.0
2023-04-03T09:28:34.558299+00:00,67.0,27.0,60.0,268.0
2023-04-03T09:29:34.558299+00:00,3.0,41.0,37.0,103.0
2023-04-03T09:30:34.558299+00:00,23.0,50.0,58.0,11.0
2023-04-03T09:31:34.558299+00:00,2.0,16.0,29.0,23.0
2023-04-03T09:32:34.558299+00:00,24.0,4.0,57.0,74.0
2023-04-03T09:33:34.558299+00:00,52.0,42.0,44.0,175.0
2023-04-03T09:34:34.558299+00:00,59.0,28.0,96.0,202.0
2023-04-03T09:35:34.558299+00:00,44.0,14.0,15.0,46.0
2023-04-03T09:36:34.558299+00:00,4.0,19.0,66.0,219.0
2023-04-03T09:37:34.558299+00:00,27.0,40.0,0.0,72.0
2023-04-03T09:38:34.558299+00:00,65.0,30.0,20.0,229.0
2023-04-03T09:39:34.558299+00:00,26.0,32.0,41.0,134.0
2023-04-03T09:40:34.558299+00:00,40.0,8.0,95.0,15.0
2023-04-03T09:41:34.558299+00:00,64.0,4.0,31.0,84.0
2023-04-03T09:42:34.558299+00:00,25.0,6.0,6.0,145.0
2023-04-03T09:43:34.558299+00:00,97.0,19.0,51.0,73.0
2023-04-03T09:44:34.558299+00:00,34.0,28.0,64.0,217.0
2023-04-03T09:45:34.558299+00:00,84.0,21.0,1.0,177.0
2023-04-03T09:46:34.558299+00:00,17.0,20.0,28.0,230.0
2023-04-03T09:47:34.558299+00:00,74.0,13.0,30.0,98.0
2023-04-03T09:48:34.558299+00:00,32.0,0.0,60.0,129.0
2023-04-03T09:49:34.558299+00:00,73.0,41.0,51.0,110.0
2023-04-03T09:50:34.558299+00:00,13.0,36.0,23.0,263.0
2023-04-03T09:51:34.558299+00:00,88.0,35.0,25.0,235.0
2023-04-03T09:52:34.558299+00:00,1.0,41.0,92.0,189.0
2023-04-03T09:53:34.558299+00:00,34.0,16.0,24.0,93.0
2023-04-03T09:54:34.558299+00:00,72.0,50.0,29.0,261.0
2023-04-03T09:55:34.558299+00:00,34.0,32.0,19.0,54.0
2023-04-03T09:56:34.558299+00:00,72.0,23.0,21.0,42.0
2023-04-03T09:57:34.558299+00:00,50.0,44.0,36.0,260.0
2023-04-03T09:58:34.558299+00:00,40.0,31.0,7.0,237.0
2023-04-03T09:59:34.558299+00:00,44.0,26.0,38.0,34.0
2023-04-03T10:00:34.558299+00:00,69.0,18.0,20.0,274.0
2023-04-03T10:01:34.558299+00:00,91.0,16.0,63.0,124.0
2023-04-03T10:02:34.558299+00:00,17.0,27.0,27.0,211.0
2023-04-03T10:03:34.558299+00:00,49.0,21.0,12.0,92.0
2023-04-03T10:04:34.558299+00:00,37.0,3.0,69.0,84.0
2023-04-03T10:05:34.558299+00:00,7.0,9.0,26.0,6.0
2023-04-03T10:06:34.558299+00:00,64.0,47.0,66.0,34.0
2023-04-03T10:07:34.558299+00:00,58.0,34.0,52.0,246.0
2023-04-03T10:08:34.558299+00:00,87.0,42.0,47.0,243.0
2023-04-03T10:09:34.558299+00:00,67.0,38.0,9.0,232.0
2023-04-03T10:10:34.558299+00:00,15.0,37.0,17.0,53.0
2023-04-03T10:11:34.558299+00:00,83.0,17.0,47.0,264.0
2023-04-03T10:12:34.558299+00:00,49.0,6.0,34.0,209.0
2023-04-03T10:13:34.558299+00:00,21.0,36.0,76.0,197.0
2023-04-03T10:14:34.558299+00:00,4.0,37.0,64.0,31.0
2023-04-03T10:15:34.558299+00:00,93.0,31.0,31.0,263.0
2023-04-03T10:16:34.558299+00:00,55.0,35.0,72.0,142.0
2023-04-03T10:17:34.558299+00:00,93.0,16.0,14.0,26.0
2023-04-03T10:18:34.558299+00:00,85.0,47.0,87.0,173.0
2023-04-03T10:19:34.558299+00:00,31.0,50.0,98.0,202.0
2023-04-03T10:20:34.558299+00:00,22.0,12.0,15.0,238.0
2023-04-03T10:21:34.558299+00:00,81.0,9.0,42.0,202.0
2023-04-03T10:22:34.558299+00:00,31.0,23.0,99.0,218.0
2023-04-03T10:23:34.558299+00:00,44.0,7.0,94.0,70.0
2023-04-03T10:24:34.558299+00:00,21.0,12.0,62.0,54.0
2023-04-03T10:25:34.558299+00:00,31.0,8.0,94.0,180.0
2023-04-03T10:26:34.558299+00:00,92.0,48.0,4.0,280.0
2023-04-03T10:27:34.558299+00:00,66.0,23.0,15.0,194.0
2023-04-03T10:28:34.558299+00:00,2.0,37.0,77.0,85.0
2023-04-03T10:29:34.558299+00:00,12.0,6.0,34.0,190.0
2023-04-03T10:30:34.558299+00:00,97.0,6.0,25.0,145.0
2023-04-03T10:31:34.558299+00:00,40.0,34.0,68.0,260.0
2023-04-03T10:32:34.558299+00:00,13.0,34.0,69.0,60.0
2023-04-03T10:33:34.558299+00:00,27.0,41.0,33.0,251.0
2023-04-03T10:34:34.558299+00:00,19.0,37.0,86.0,20.0
2023-04-03T10:35:34.558299+00:00,66.0,3.0,73.0,285.0
2023-04-03T10:36:34.558299+00:00,14.0,43.0,21.0,282.0
2023-04-03T10:37:34.558299+00:00,21.0,8.0,83.0,39.0
2023-04-03T10:38:34.558299+00:00,91.0,42.0,86.0,62.0
2023-04-03T10:39:34.558299+00:00,95.0,11.0,61.0,200.0
2023-04-03T10:40:34.558299+00:00,38.0,27.0,3.0,187.0
2023-04-03T10:41:34.558299+00:00,50.0,12.0,93.0,188.0
2023-04-03T10:42:34.558299+00:00,100.0,45.0,74.0,208.0
2023-04-03T10:43:34.558299+00:00,95.0,45.0,57.0,222.0
2023-04-03T10:44:34.558299+00:00,39.0,8.0,73.0,174.0
2023-04-03T10:45:34.558299+00:00,71.0,7.0,59.0,252.0
2023-04-03T10:46:34.558299+00:00,32.0,47.0,71.0,183.0
2023-04-03T10:47:34.558299+00:00,93.0,18.0,33.0,278.0
2023-04-03T10:48:34.558299+00:00,11.0,9.0,44.0,17.0
2023-04-03T10:49:34.558299+00:00,88.0,11.0,80.0,164.0
2023-04-03T10:50:34.558299+00:00,94.0,44.0,23.0,69.0
2023-04-03T10:51:34.558299+00:00,24.0,17.0,38.0,26.0
2023-04-03T10:52:34.558299+00:00,90.0,17.0,5.0,2.0
2023-04-03T10:53:34.558299+00:00,100.0,17.0,91.0,197.0
2023-04-03T10:54:34.558299+00:00,62.0,46.0,64.0,266.0
2023-04-03T10:55:34.558299+00:00,41.0,37.0,57.0,109.0
2023-04-03T10:56:34.558299+00:00,2.0,31.0,43.0,133.0
2023-04-03T10:57:34.558299+00:00,83.0,21.0,43.0,157.0
2023-04-03T10:58:34.558299+00:00,55.0,20.0,52.0,188.0
2023-04-03T10:59:34.558299+00:00,44.0,27.0,78.0,28.0
2023-04-03T11:00:34.558299+00:00,64.0,35.0,24.0,61.0
2023-04-03T11:01:34.558299+00:00,38.0,23.0,99.0,79.0
2023-04-03T11:02:34.558299+00:00,99.0,39.0,57.0,34.0
2023-04-03T11:03:34.558299+00:00,52.0,11.0,29.0,235.0
2023-04-03T11:04:34.558299+00:00,49.0,3.0,93.0,208.0
2023-04-03T11:05:34.558299+00:00,9.0,30.0,15.0,197.0
2023-04-03T11:06:34.558299+00:00,81.0,38.0,1.0,74.0
2023-04-03T11:07:34.558299+00:00,39.0,4.0,14.0,179.0
2023-04-03T11:08:34.558299+00:00,90.0,33.0,34.0,12.0
2023-04-03T11:09:34.558299+00:00,22.0,50.0,38.0,275.0
2023-04-03T11:10:34.558299+00:00,88.0,5.0,71.0,237.0
2023-04-03T11:11:34.558299+00:00,58.0,44.0,26.0,18.0
2023-04-03T11:12:34.558299+00:00,25.0,6.0,79.0,81.0
2023-04-03T11:13:34.558299+00:00,68.0,15.0,72.0,159.0
2023-04-03T11:14:34.558299+00:00,58.0,11.0,51.0,65.0
2023-04-03T11:15:34.558299+00:00,31.0,4.0,85.0,299.0
2023-04-03T11:16:34.558299+00:00,33.0,40.0,9.0,108.0
2023-04-03T11:17:34.558299+00:00,31.0,16.0,10.0,284.0
2023-04-03T11:18:34.558299+00:00,4.0,28.0,54.0,231.0
2023-04-03T11:19:34.558299+00:00,62.0,0.0,38.0,147.0
2023-04-03T11:20:34.558299+00:00,47.0,49.0,90.0,59.0
2023-04-03T11:21:34.558299+00:00,81.0,9.0,88.0,270.0
2023-04-03T11:22:34.558299+00:00,35.0,22.0,71.0,96.0
2023-04-03T11:23:34.558299+00:00,15.0,19.0,93.0,198.0
2023-04-03T11:24:34.558299+00:00,79.0,45.0,49.0,284.0
2023-04-03T11:25:34.558299+00:00,85.0,0.0,31.0,244.0
2023-04-03T11:26:34.558299+00:00,59.0,19.0,39.0,138.0
2023-04-03T11:27:34.558299+00:00,68.0,45.0,52.0,113.0
2023-04-03T11:28:34.558299+00:00,13.0,18.0,46.0,180.0
2023-04-03T11:29:34.558299+00:00,14.0,37.0,74.0,61.0
2023-04-03T11:30:34.558299+00:00,80.0,37.0,75.0,244.0
2023-04-03T11:31:34.558299+00:00,82.0,5.0,85.0,163.0
